<?xml version="1.0" encoding="utf-8"?><!--THIS STACK CONFIGURATION FILE IS VERIFIED BY MAINTENANCE OPTIMIZER.
DO NOT CHANGE THE CONTENT OF THIS FILE!
MAINTENANCE OPTIMIZER SIGNATURE:BA93F4D95F488E617C5D7E0887B7942B3973BC7D--><sp-stacks version="1.0" mopz-transaction-id="2001140886" solution-manager-sid="" mopz-transaction-guid="00109B14808E1EDBB0E0682A87B180F2" smp-user="S0021499789"><sp-stack><caption>12 (02/2021) FPS</caption><ppms-number>73554900103300007687</ppms-number><stack-type gen-time="20210601180228 " gen-version="M">system</stack-type><sap-note>0002912342</sap-note><release-date>20210201</release-date><product><caption>SAP SOLUTION MANAGER 7.2</caption><name>SAP SOLUTION MANAGER</name><version>7.2</version><ppms-number>01200615320900006067</ppms-number><vendor>sap.com</vendor></product><replaced-product><caption>SAP SOLUTION MANAGER 7.1</caption><name>SAP SOLUTION MANAGER</name><version>7.1</version><ppms-number>01200314690900002795</ppms-number><vendor>sap.com</vendor></replaced-product><replaced-product><caption>SAP SOL. MANAGER 7.1 ON HANA</caption><name>SAP SOLUTION MANAGER ON HANA</name><version>7.1</version><ppms-number>67838200100900006370</ppms-number><vendor>sap.com</vendor></replaced-product><replaced-product><caption>SAP SOLUTION MANAGER 7.0</caption><name>SAP SOLUTION MANAGER</name><version>4.0</version><ppms-number>01200314690900000235</ppms-number><vendor>sap.com</vendor></replaced-product><replaced-product><caption>SAP SOLUTION MANAGER 7.0 EHP 1</caption><name>SAP SOLUTION MANAGER</name><version>4.0 EHP 1</version><ppms-number>01200314690900000833</ppms-number><vendor>sap.com</vendor></replaced-product><replaced-product><caption>SAP SOLUTION MANAGER 3.1</caption><name>SAP SOLUTION MANAGER</name><version>3.1</version><ppms-number>01200615320900001194</ppms-number><vendor>sap.com</vendor></replaced-product><replaced-product><caption>SAP SOLUTION MANAGER 2.2</caption><name>SAP SOLUTION MANAGER</name><version>2.2</version><ppms-number>01200615320900001197</ppms-number><vendor>sap.com</vendor></replaced-product><replaced-product><caption>SAP SOLUTION MANAGER 2.1</caption><name>SAP SOLUTION MANAGER</name><version>2.1</version><ppms-number>01200615320900001198</ppms-number><vendor>sap.com</vendor></replaced-product><replaced-product><caption>SAP SOLUTION MANAGER 3.2</caption><name>SAP SOLUTION MANAGER</name><version>3.2</version><ppms-number>01200615320900001255</ppms-number><vendor>sap.com</vendor></replaced-product><sp-feature-stack><caption>SAP SOLUTION MANAGER 7.2 : Solution Manager ABAP Stack - 12 (02/2021) FPS</caption><software-feature selectively-installable="N"><caption>SAP SOLUTION MANAGER 7.2: Solution Manager ABAP Stack</caption><name>SAP SOLUTION MANAGER</name><version>7.2</version><vendor>sap.com</vendor><ppms-number>012006153209000060671</ppms-number><included-feature selectively-installable="N"><caption>SAP SOLUTION MANAGER 7.2: BI Content</caption><name>SAP SOLUTION MANAGER</name><version>7.2</version><vendor>sap.com</vendor><ppms-number>012006153209000060677</ppms-number></included-feature><included-feature selectively-installable="N"><caption>SAP NETWEAVER 7.4: Application Server ABAP</caption><name>SAP NETWEAVER</name><version>7.4</version><vendor>sap.com</vendor><ppms-number>678382001009000058681</ppms-number></included-feature><included-feature selectively-installable="N"><caption>SAP FIORI FOR SAP SOL MRG 1.0: UI for SAP Solution Manager</caption><name>SAP FIORI FOR SAP SOL. MRG.</name><version>1.0</version><vendor>sap.com</vendor><ppms-number>735550001009000000211</ppms-number></included-feature></software-feature><application-system creationclassname="SAP_BCSystem" system-number="00000"><caption/><sid>XXX</sid><host>__UCE__</host></application-system><software-component><caption>SAP IGS HELPER</caption><ppms-number>01200615320200018926</ppms-number><runtime-type>OS</runtime-type><name>IGS_HELPER</name><version>7.20EXT</version><vendor>sap.com</vendor><support-package><caption>SP017 for SAP IGS HELPER</caption><name>SP017</name><vendor>sap.com</vendor><ppms-number>73555000101100029831</ppms-number><sp-level>017</sp-level><patch-level>17</patch-level><archives><os-set os="OSINDEP"><archive-name patch-level="17" os="OSINDEP">igshelper_17-10010245.sar</archive-name></os-set></archives></support-package></software-component><software-component><caption>SAP NW GATEWAY FOUNDATION 7.40</caption><ppms-number>67837800100200023250</ppms-number><runtime-type>ABAP</runtime-type><name>SAP_GWFND</name><version>740</version><vendor>sap.com</vendor><support-package><caption>SAP_GWFND 740: SP 0025</caption><name>SAPK-74025INSAPGWFND</name><vendor>sap.com</vendor><ppms-number>73555000101100046825</ppms-number><sp-level>0025</sp-level><patch-level>0</patch-level><archives><archive-name abap-delivery-transport="SAPK-74025INSAPGWFND">K-74025INSAPGWFND.SAR</archive-name></archives></support-package></software-component><software-component><caption>SAP HOST AGENT 7.21</caption><ppms-number>67838200100200018473</ppms-number><runtime-type>OS</runtime-type><name>SAPHOSTAGENT</name><version>7.21</version><vendor>sap.com</vendor><support-package><caption>SP051 for SAP HOST AGENT 7.21</caption><name>SP051</name><vendor>sap.com</vendor><ppms-number>73555000101100053919</ppms-number><sp-level>051</sp-level><patch-level>51</patch-level><archives><os-set os="LINUX_X64"><archive-name patch-level="51" os="LINUX_X64">SAPHOSTAGENT51_51-20009394.SAR</archive-name></os-set></archives></support-package></software-component><software-component><caption>SAP KERNEL 7.53 64-BIT UNICODE</caption><ppms-number>73554900100200005858</ppms-number><runtime-type>OS</runtime-type><name>KRNL64UC</name><version>7.53</version><vendor>sap.com</vendor><support-package><caption>SP800 for SAP KERNEL 7.53 64-BIT UNICODE</caption><name>SP800</name><vendor>sap.com</vendor><ppms-number>73555000101100054801</ppms-number><sp-level>800</sp-level><patch-level>800</patch-level><archives><os-set os="LINUX_X64"><db-set db="DBINDEP"><archive-name patch-level="800" os="LINUX_X64" db="DBINDEP">SAPEXE_800-80002573.SAR</archive-name></db-set><db-set db="HDB"><archive-name patch-level="800" os="LINUX_X64" db="HDB">SAPEXEDB_800-80002572.SAR</archive-name></db-set></os-set></archives></support-package></software-component><software-component><caption>SAP IGS 7.53</caption><ppms-number>73554900100200007401</ppms-number><runtime-type>OS</runtime-type><name>BC-FES-IGS</name><version>7.53</version><vendor>sap.com</vendor><support-package><caption>SP013 for SAP IGS 7.53</caption><name>SP013</name><vendor>sap.com</vendor><ppms-number>73554900101100064838</ppms-number><sp-level>013</sp-level><patch-level>13</patch-level><archives><os-set os="LINUX_X64"><archive-name patch-level="13" os="LINUX_X64">igsexe_13-80003187.sar</archive-name></os-set></archives></support-package></software-component><software-component><caption>ST-SER 720</caption><ppms-number>73555000100200000035</ppms-number><runtime-type>ABAP</runtime-type><name>ST-SER</name><version>720</version><vendor>sap.com</vendor><support-package><caption>ST-SER 720: SP 0020</caption><name>SAPK-72020INSTSER</name><vendor>sap.com</vendor><ppms-number>73555000101100048323</ppms-number><sp-level>0020</sp-level><patch-level>0</patch-level><archives><archive-name abap-delivery-transport="SAPK-72020INSTSER">K-72020INSTSER.SAR</archive-name></archives></support-package><support-package><caption>ST-SER 720: SP 0021</caption><name>SAPK-72021INSTSER</name><vendor>sap.com</vendor><ppms-number>73554900101100064003</ppms-number><sp-level>0021</sp-level><patch-level>0</patch-level><archives><archive-name abap-delivery-transport="SAPK-72021INSTSER">K-72021INSTSER.SAR</archive-name></archives></support-package></software-component><software-component><caption>USER INTERFACE TECHNOLOGY 7.54</caption><ppms-number>73555000100200009128</ppms-number><runtime-type>ABAP</runtime-type><name>SAP_UI</name><version>754</version><vendor>sap.com</vendor><support-package><caption>SAP_UI 754: SP 0006</caption><name>SAPK-75406INSAPUI</name><vendor>sap.com</vendor><ppms-number>73554900101100061339</ppms-number><sp-level>0006</sp-level><patch-level>0</patch-level><archives><archive-name abap-delivery-transport="SAPK-75406INSAPUI">K-75406INSAPUI.SAR</archive-name></archives></support-package></software-component></sp-feature-stack><sp-feature-stack><caption>SAP SOLUTION MANAGER 7.2 : BI Content - 12 (02/2021) FPS</caption><software-feature selectively-installable="N"><caption>SAP SOLUTION MANAGER 7.2: BI Content</caption><name>SAP SOLUTION MANAGER</name><version>7.2</version><vendor>sap.com</vendor><ppms-number>012006153209000060677</ppms-number></software-feature><application-system creationclassname="SAP_BCSystem" system-number="00000"><caption/><sid>XXX</sid><host>__UCE__</host></application-system></sp-feature-stack></sp-stack><target-system><application-system system-number="00000" creationclassname="SAP_BCSystem"><caption/><sid>XXX</sid><host>__UCE__</host><instance><type/><host/><number/><os/><cim-classname/></instance></application-system><initial-state/><constraints><constraint name="ppms-main-app-id" value="01200615320900006067" description="SAP SOLUTION MANAGER 7.2"/><constraint name="stack-type" value="ABAP"/><constraint name="ppms-nw-id" value="67838200100900005868" description="SAP NETWEAVER 7.4"/><constraint name="sid" value="XXX"/><constraint name="sps" value="73554900103300007687" description="12 (02/2021) FPS"/></constraints><dvd type="installation" id="3c710980-0ee6-11eb-8a2b-005056a2751d" caption="SOLMAN720_SR2_INST_EXPORT"><product><caption>SAP SOLUTION MANAGER 7.2</caption><name>SAP SOLUTION MANAGER</name><ppms-number>01200615320900006067</ppms-number><vendor>sap.com</vendor></product><product><caption>SAP NETWEAVER 7.4</caption><name>SAP NETWEAVER</name><ppms-number>67838200100900005868</ppms-number><vendor>sap.com</vendor></product><software-feature selectively-installable="N"><caption>SAP SOLUTION MANAGER 7.2:BI Content</caption><name>SAP SOLUTION MANAGER</name><version>7.2</version><ppms-number>012006153209000060677</ppms-number><vendor>sap.com</vendor></software-feature><software-feature selectively-installable="N"><caption>SAP SOLUTION MANAGER 7.2:Solution Manager ABAP Stack</caption><name>SAP SOLUTION MANAGER</name><version>7.2</version><ppms-number>012006153209000060671</ppms-number><vendor>sap.com</vendor><included-feature selectively-installable="N" prod-id="73555000100900000021" feat-id="1"><caption>SAP FIORI FOR SAP SOL MRG 1.0:UI for SAP Solution Manager</caption><name>SAP FIORI FOR SAP SOL. MRG.</name><version>1.0</version><vendor>sap.com</vendor><ppms-number>735550001009000000211</ppms-number></included-feature></software-feature><software-feature selectively-installable="N"><caption>SAP NETWEAVER 7.4:Application Server ABAP</caption><name>SAP NETWEAVER</name><version>7.4</version><ppms-number>678382001009000058681</ppms-number><vendor>sap.com</vendor></software-feature><software-feature selectively-installable="N"><caption>SAP FIORI FOR SAP SOL MRG 1.0:UI for SAP Solution Manager</caption><name>SAP FIORI FOR SAP SOL. MRG.</name><version>1.0</version><ppms-number>735550001009000000211</ppms-number><vendor>sap.com</vendor></software-feature><software-component-entry><caption>BI_CONT757</caption><name>BI_CONT</name><version>757</version><vendor>sap.com</vendor><ppms-number>67837800100200025251</ppms-number><sp-level>0027</sp-level><patch-level/><runtime-type>ABAP</runtime-type></software-component-entry><software-component-entry><caption>CTS_PLUG200</caption><name>CTS_PLUG</name><version>200</version><vendor>sap.com</vendor><ppms-number>01200314690200017871</ppms-number><sp-level>0024</sp-level><patch-level/><runtime-type>ABAP</runtime-type></software-component-entry><software-component-entry><caption>IW_FNDGC100</caption><name>IW_FNDGC</name><version>100</version><vendor>sap.com</vendor><ppms-number>67837800100200023216</ppms-number><sp-level>0005</sp-level><patch-level/><runtime-type>ABAP</runtime-type></software-component-entry><software-component-entry><caption>IW_GIL100</caption><name>IW_GIL</name><version>100</version><vendor>sap.com</vendor><ppms-number>67837800100200020922</ppms-number><sp-level>0007</sp-level><patch-level/><runtime-type>ABAP</runtime-type></software-component-entry><software-component-entry><caption>MDG_FND747</caption><name>MDG_FND</name><version>747</version><vendor>sap.com</vendor><ppms-number>67838200100200019661</ppms-number><sp-level>0020</sp-level><patch-level/><runtime-type>ABAP</runtime-type></software-component-entry><software-component-entry><caption>PI_BASIS740</caption><name>PI_BASIS</name><version>740</version><vendor>sap.com</vendor><ppms-number>67838200100200019612</ppms-number><sp-level>0024</sp-level><patch-level/><runtime-type>ABAP</runtime-type></software-component-entry><software-component-entry><caption>RTCISM100</caption><name>RTCISM</name><version>100</version><vendor>sap.com</vendor><ppms-number>67837800100200020932</ppms-number><sp-level>0001</sp-level><patch-level/><runtime-type>ABAP</runtime-type></software-component-entry><software-component-entry><caption>SAP_ABA740</caption><name>SAP_ABA</name><version>740</version><vendor>sap.com</vendor><ppms-number>67838200100200019613</ppms-number><sp-level>0024</sp-level><patch-level/><runtime-type>ABAP</runtime-type></software-component-entry><software-component-entry><caption>SAP_AP700</caption><name>SAP_AP</name><version>700</version><vendor>sap.com</vendor><ppms-number>01200615320200007961</ppms-number><sp-level>0038</sp-level><patch-level/><runtime-type>ABAP</runtime-type></software-component-entry><software-component-entry><caption>SAP_BASIS740</caption><name>SAP_BASIS</name><version>740</version><vendor>sap.com</vendor><ppms-number>67838200100200019614</ppms-number><sp-level>0024</sp-level><patch-level/><runtime-type>ABAP</runtime-type></software-component-entry><software-component-entry><caption>SAP_BW740</caption><name>SAP_BW</name><version>740</version><vendor>sap.com</vendor><ppms-number>67838200100200019616</ppms-number><sp-level>0024</sp-level><patch-level/><runtime-type>ABAP</runtime-type></software-component-entry><software-component-entry><caption>SAP_GWFND740</caption><name>SAP_GWFND</name><version>740</version><vendor>sap.com</vendor><ppms-number>67837800100200023250</ppms-number><sp-level>0024</sp-level><patch-level/><runtime-type>ABAP</runtime-type></software-component-entry><software-component-entry><caption>ST720</caption><name>ST</name><version>720</version><vendor>sap.com</vendor><ppms-number>01200314690200017383</ppms-number><sp-level>0012</sp-level><patch-level/><runtime-type>ABAP</runtime-type></software-component-entry><software-component-entry><caption>ST-BCO720</caption><name>ST-BCO</name><version>720</version><vendor>sap.com</vendor><ppms-number>67837800100200024138</ppms-number><sp-level>0012</sp-level><patch-level/><runtime-type>ABAP</runtime-type></software-component-entry><software-component-entry><caption>ST-ICC200</caption><name>ST-ICC</name><version>200</version><vendor>sap.com</vendor><ppms-number>67838200100200023719</ppms-number><sp-level>0002</sp-level><patch-level/><runtime-type>ABAP</runtime-type></software-component-entry><software-component-entry><caption>ST-UI100</caption><name>ST-UI</name><version>100</version><vendor>sap.com</vendor><ppms-number>73555000100200000061</ppms-number><sp-level>0011</sp-level><patch-level/><runtime-type>ABAP</runtime-type></software-component-entry><software-component-entry><caption>ST-A/PI01U_731</caption><name>ST-A/PI</name><version>01U_731</version><vendor>sap.com</vendor><ppms-number>73555000100200013244</ppms-number><sp-level>0001</sp-level><patch-level/><runtime-type>ABAP</runtime-type></software-component-entry><software-component-entry><caption>CPRXRPM610_740</caption><name>CPRXRPM</name><version>610_740</version><vendor>sap.com</vendor><ppms-number>67837800100200024416</ppms-number><sp-level>0014</sp-level><patch-level/><runtime-type>ABAP</runtime-type></software-component-entry><software-component-entry><caption>WEBCUIF747</caption><name>WEBCUIF</name><version>747</version><vendor>sap.com</vendor><ppms-number>67837800100200022355</ppms-number><sp-level>0020</sp-level><patch-level/><runtime-type>ABAP</runtime-type></software-component-entry><software-component-entry><caption>BBPCRM713</caption><name>BBPCRM</name><version>713</version><vendor>sap.com</vendor><ppms-number>67837800100200022398</ppms-number><sp-level>0020</sp-level><patch-level/><runtime-type>ABAP</runtime-type></software-component-entry><software-component-entry><caption>SAP_BS_FND747</caption><name>SAP_BS_FND</name><version>747</version><vendor>sap.com</vendor><ppms-number>67837800100200022254</ppms-number><sp-level>0020</sp-level><patch-level/><runtime-type>ABAP</runtime-type></software-component-entry><software-component-entry><caption>ST-SER720</caption><name>ST-SER</name><version>720</version><vendor>sap.com</vendor><ppms-number>73555000100200000035</ppms-number><sp-level>0019</sp-level><patch-level/><runtime-type>ABAP</runtime-type></software-component-entry><software-component-entry><caption>ST-PI740</caption><name>ST-PI</name><version>740</version><vendor>sap.com</vendor><ppms-number>67838200100200024359</ppms-number><sp-level>0014</sp-level><patch-level/><runtime-type>ABAP</runtime-type></software-component-entry><software-component-entry><caption>SAP_UI754</caption><name>SAP_UI</name><version>754</version><vendor>sap.com</vendor><ppms-number>73555000100200009128</ppms-number><sp-level>0005</sp-level><patch-level/><runtime-type>ABAP</runtime-type></software-component-entry></dvd><sl-tool><software-component-entry><caption>SPAM/SAINT Update - Version 740/0070</caption><name>SAP_OCS</name><version>740</version><vendor>sap.com</vendor><ppms-number>67838200100200019856</ppms-number><sp-level>0070</sp-level><patch-level>SAPKD74070</patch-level><runtime-type>ABAP</runtime-type></software-component-entry></sl-tool></target-system></sp-stacks>