<?xml version="1.0" encoding="utf-8"?><!--THIS STACK CONFIGURATION FILE IS VERIFIED BY MAINTENANCE OPTIMIZER.
DO NOT CHANGE THE CONTENT OF THIS FILE!
MAINTENANCE OPTIMIZER SIGNATURE:4EEC05B5849B8FED226BAFF9D6938D2DC09185AC--><sp-stacks version="1.0" mopz-transaction-id="1001308446" solution-manager-sid="" mopz-transaction-guid="901B0ED2EF8E1EDC8FC46F81CB10A33A" smp-user="S0019629297"><sp-stack><caption>Initial Shipment Stack</caption><ppms-number>73555000103300007121</ppms-number><stack-type gen-time="20211105103141 " gen-version="M">system</stack-type><sap-note>0003100794</sap-note><release-date>20211025</release-date><product><caption>SAP BW/4HANA 2021</caption><name>BW4HANA</name><version>2021</version><ppms-number>73555000100900004721</ppms-number><vendor>sap.com</vendor></product><replaced-product><caption>SAP BW/4HANA 2.0</caption><name>BW4HANA</name><version>200</version><ppms-number>73555000100900003033</ppms-number><vendor>sap.com</vendor></replaced-product><replaced-product><caption>SAP BW/4HANA 1.0</caption><name>BW4HANA</name><version>100</version><ppms-number>73554900100900001244</ppms-number><vendor>sap.com</vendor></replaced-product><replaced-product><caption>SAP NETWEAVER 7.5</caption><name>SAP NETWEAVER</name><version>7.5</version><ppms-number>73554900100900000414</ppms-number><vendor>sap.com</vendor></replaced-product><sp-feature-stack><caption>SAP BW/4HANA 2021 : BW/4HANA Server - Initial Shipment Stack</caption><software-feature selectively-installable="N"><caption>SAP BW/4HANA 2021: BW/4HANA Server</caption><name>BW4HANA</name><version>2021</version><vendor>sap.com</vendor><ppms-number>735550001009000047211</ppms-number></software-feature><application-system creationclassname="SAP_BCSystem" system-number="00000"><caption/><sid>DEV</sid><host>__UCE__</host></application-system><software-component><caption>SAP IGS HELPER</caption><ppms-number>01200615320200018926</ppms-number><runtime-type>OS</runtime-type><name>IGS_HELPER</name><version>7.20EXT</version><vendor>sap.com</vendor><support-package><caption>SP017 for SAP IGS HELPER</caption><name>SP017</name><vendor>sap.com</vendor><ppms-number>73555000101100029831</ppms-number><sp-level>017</sp-level><patch-level>17</patch-level><archives><os-set os="OSINDEP"><archive-name patch-level="17" os="OSINDEP">igshelper_17-10010245.sar</archive-name></os-set></archives></support-package></software-component><software-component><caption>ST-PI 740</caption><ppms-number>67838200100200024359</ppms-number><runtime-type>ABAP</runtime-type><name>ST-PI</name><version>740</version><vendor>sap.com</vendor><support-package><caption>ST-PI 740: SP 0016</caption><name>SAPK-74016INSTPI</name><vendor>sap.com</vendor><ppms-number>73554900101100065822</ppms-number><sp-level>0016</sp-level><patch-level>0</patch-level><archives><archive-name abap-delivery-transport="SAPK-74016INSTPI">K-74016INSTPI.SAR</archive-name></archives></support-package></software-component><software-component><caption>SAP HOST AGENT 7.22</caption><ppms-number>73554900100200011934</ppms-number><runtime-type>OS</runtime-type><name>SAPHOSTAGENT</name><version>7.22</version><vendor>sap.com</vendor><support-package><caption>SP054 for SAP HOST AGENT 7.22</caption><name>SP054</name><vendor>sap.com</vendor><ppms-number>73554900101100066781</ppms-number><sp-level>054</sp-level><patch-level>54</patch-level><archives><os-set os="LINUX_X64"><archive-name patch-level="54" os="LINUX_X64">SAPHOSTAGENT54_54-80004822.SAR</archive-name></os-set></archives></support-package></software-component><software-component><caption>SAP KERNEL 7.85 64-BIT UNICODE</caption><ppms-number>73554900100200013971</ppms-number><runtime-type>OS</runtime-type><name>KRNL64UC</name><version>7.85</version><vendor>sap.com</vendor><support-package><caption>SP050 for SAP KERNEL 7.85 64-BIT UNICODE</caption><name>SP050</name><vendor>sap.com</vendor><ppms-number>73554900101100066633</ppms-number><sp-level>050</sp-level><patch-level>50</patch-level><archives><os-set os="LINUX_X64"><db-set db="DBINDEP"><archive-name patch-level="50" os="LINUX_X64" db="DBINDEP">SAPEXE_50-80005374.SAR</archive-name></db-set><db-set db="HDB"><archive-name patch-level="50" os="LINUX_X64" db="HDB">SAPEXEDB_50-80005373.SAR</archive-name></db-set></os-set></archives></support-package></software-component><software-component><caption>SAP IGS 7.81</caption><ppms-number>73555000100200013220</ppms-number><runtime-type>OS</runtime-type><name>BC-FES-IGS</name><version>7.81</version><vendor>sap.com</vendor><support-package><caption>SP001 for SAP IGS 7.81</caption><name>SP001</name><vendor>sap.com</vendor><ppms-number>73554900101100064834</ppms-number><sp-level>001</sp-level><patch-level>1</patch-level><archives><os-set os="LINUX_X64"><archive-name patch-level="1" os="LINUX_X64">igsexe_1-70005417.sar</archive-name></os-set></archives></support-package></software-component></sp-feature-stack><sp-feature-stack><caption>SAP BW/4HANA 2021 : BW/4HANA Content Basis - Initial Shipment Stack</caption><software-feature selectively-installable="N"><caption>SAP BW/4HANA 2021: BW/4HANA Content Basis</caption><name>BW4HANA</name><version>2021</version><vendor>sap.com</vendor><ppms-number>735550001009000047215</ppms-number><included-feature selectively-installable="N"><caption>SAP BW/4HANA 2021: BW/4HANA Server</caption><name>BW4HANA</name><version>2021</version><vendor>sap.com</vendor><ppms-number>735550001009000047211</ppms-number></included-feature></software-feature><application-system creationclassname="SAP_BCSystem" system-number="00000"><caption/><sid>DEV</sid><host>__UCE__</host></application-system><software-component><caption>SAP IGS HELPER</caption><ppms-number>01200615320200018926</ppms-number><runtime-type>OS</runtime-type><name>IGS_HELPER</name><version>7.20EXT</version><vendor>sap.com</vendor><support-package><caption>SP017 for SAP IGS HELPER</caption><name>SP017</name><vendor>sap.com</vendor><ppms-number>73555000101100029831</ppms-number><sp-level>017</sp-level><patch-level>17</patch-level><archives><os-set os="OSINDEP"><archive-name patch-level="17" os="OSINDEP">igshelper_17-10010245.sar</archive-name></os-set></archives></support-package></software-component><software-component><caption>ST-PI 740</caption><ppms-number>67838200100200024359</ppms-number><runtime-type>ABAP</runtime-type><name>ST-PI</name><version>740</version><vendor>sap.com</vendor><support-package><caption>ST-PI 740: SP 0016</caption><name>SAPK-74016INSTPI</name><vendor>sap.com</vendor><ppms-number>73554900101100065822</ppms-number><sp-level>0016</sp-level><patch-level>0</patch-level><archives><archive-name abap-delivery-transport="SAPK-74016INSTPI">K-74016INSTPI.SAR</archive-name></archives></support-package></software-component><software-component><caption>SAP HOST AGENT 7.22</caption><ppms-number>73554900100200011934</ppms-number><runtime-type>OS</runtime-type><name>SAPHOSTAGENT</name><version>7.22</version><vendor>sap.com</vendor><support-package><caption>SP054 for SAP HOST AGENT 7.22</caption><name>SP054</name><vendor>sap.com</vendor><ppms-number>73554900101100066781</ppms-number><sp-level>054</sp-level><patch-level>54</patch-level><archives><os-set os="LINUX_X64"><archive-name patch-level="54" os="LINUX_X64">SAPHOSTAGENT54_54-80004822.SAR</archive-name></os-set></archives></support-package></software-component><software-component><caption>SAP KERNEL 7.85 64-BIT UNICODE</caption><ppms-number>73554900100200013971</ppms-number><runtime-type>OS</runtime-type><name>KRNL64UC</name><version>7.85</version><vendor>sap.com</vendor><support-package><caption>SP050 for SAP KERNEL 7.85 64-BIT UNICODE</caption><name>SP050</name><vendor>sap.com</vendor><ppms-number>73554900101100066633</ppms-number><sp-level>050</sp-level><patch-level>50</patch-level><archives><os-set os="LINUX_X64"><db-set db="DBINDEP"><archive-name patch-level="50" os="LINUX_X64" db="DBINDEP">SAPEXE_50-80005374.SAR</archive-name></db-set><db-set db="HDB"><archive-name patch-level="50" os="LINUX_X64" db="HDB">SAPEXEDB_50-80005373.SAR</archive-name></db-set></os-set></archives></support-package></software-component><software-component><caption>BW4 CONT B 2.0</caption><ppms-number>73555000100200010673</ppms-number><runtime-type>ABAP</runtime-type><name>BW4CONTB</name><version>200</version><vendor>sap.com</vendor><support-package><caption>BW4CONTB 200: SP 0001</caption><name>SAPK-20001INBW4CONTB</name><vendor>sap.com</vendor><ppms-number>73555000101100038361</ppms-number><sp-level>0001</sp-level><patch-level>0</patch-level><archives><archive-name abap-delivery-transport="SAPK-20001INBW4CONTB">K-20001INBW4CONTB.SAR</archive-name></archives></support-package><support-package><caption>BW4CONTB 200: SP 0002</caption><name>SAPK-20002INBW4CONTB</name><vendor>sap.com</vendor><ppms-number>73554900101100054381</ppms-number><sp-level>0002</sp-level><patch-level>0</patch-level><archives><archive-name abap-delivery-transport="SAPK-20002INBW4CONTB">K-20002INBW4CONTB.SAR</archive-name></archives></support-package><support-package><caption>BW4CONTB 200: SP 0003</caption><name>SAPK-20003INBW4CONTB</name><vendor>sap.com</vendor><ppms-number>73554900101100055228</ppms-number><sp-level>0003</sp-level><patch-level>0</patch-level><archives><archive-name abap-delivery-transport="SAPK-20003INBW4CONTB">K-20003INBW4CONTB.SAR</archive-name></archives></support-package><support-package><caption>BW4CONTB 200: SP 0004</caption><name>SAPK-20004INBW4CONTB</name><vendor>sap.com</vendor><ppms-number>73555000101100046660</ppms-number><sp-level>0004</sp-level><patch-level>0</patch-level><archives><archive-name abap-delivery-transport="SAPK-20004INBW4CONTB">K-20004INBW4CONTB.SAR</archive-name></archives></support-package><support-package><caption>BW4CONTB 200: SP 0005</caption><name>SAPK-20005INBW4CONTB</name><vendor>sap.com</vendor><ppms-number>73554900101100059378</ppms-number><sp-level>0005</sp-level><patch-level>0</patch-level><archives><archive-name abap-delivery-transport="SAPK-20005INBW4CONTB">K-20005INBW4CONTB.SAR</archive-name></archives></support-package><support-package><caption>BW4CONTB 200: SP 0006</caption><name>SAPK-20006INBW4CONTB</name><vendor>sap.com</vendor><ppms-number>73555000101100048919</ppms-number><sp-level>0006</sp-level><patch-level>0</patch-level><archives><archive-name abap-delivery-transport="SAPK-20006INBW4CONTB">K-20006INBW4CONTB.SAR</archive-name></archives></support-package><support-package><caption>BW4CONTB 200: SP 0007</caption><name>SAPK-20007INBW4CONTB</name><vendor>sap.com</vendor><ppms-number>73554900101100063981</ppms-number><sp-level>0007</sp-level><patch-level>0</patch-level><archives><archive-name abap-delivery-transport="SAPK-20007INBW4CONTB">K-20007INBW4CONTB.SAR</archive-name></archives></support-package><support-package><caption>BW4CONTB 200: SP 0008</caption><name>SAPK-20008INBW4CONTB</name><vendor>sap.com</vendor><ppms-number>73554900101100064705</ppms-number><sp-level>0008</sp-level><patch-level>0</patch-level><archives><archive-name abap-delivery-transport="SAPK-20008INBW4CONTB">K-20008INBW4CONTB.SAR</archive-name></archives></support-package><archives><archive-name abap-delivery-transport="SAPK-200AHINBW4CONTB">K-200AHINBW4CONTB.SAR</archive-name></archives><archives><archive-name abap-delivery-transport="BW4CONTB==200">BW4CONTB200.SAR</archive-name></archives></software-component><software-component><caption>SAP IGS 7.81</caption><ppms-number>73555000100200013220</ppms-number><runtime-type>OS</runtime-type><name>BC-FES-IGS</name><version>7.81</version><vendor>sap.com</vendor><support-package><caption>SP001 for SAP IGS 7.81</caption><name>SP001</name><vendor>sap.com</vendor><ppms-number>73554900101100064834</ppms-number><sp-level>001</sp-level><patch-level>1</patch-level><archives><os-set os="LINUX_X64"><archive-name patch-level="1" os="LINUX_X64">igsexe_1-70005417.sar</archive-name></os-set></archives></support-package></software-component></sp-feature-stack><sp-feature-stack><caption>SAP BW/4HANA 2021 : BW/4HANA Content - Initial Shipment Stack</caption><software-feature selectively-installable="N"><caption>SAP BW/4HANA 2021: BW/4HANA Content</caption><name>BW4HANA</name><version>2021</version><vendor>sap.com</vendor><ppms-number>735550001009000047216</ppms-number><included-feature selectively-installable="N"><caption>SAP BW/4HANA 2021: BW/4HANA Server</caption><name>BW4HANA</name><version>2021</version><vendor>sap.com</vendor><ppms-number>735550001009000047211</ppms-number></included-feature><included-feature selectively-installable="N"><caption>SAP BW/4HANA 2021: BW/4HANA Content Basis</caption><name>BW4HANA</name><version>2021</version><vendor>sap.com</vendor><ppms-number>735550001009000047215</ppms-number></included-feature></software-feature><application-system creationclassname="SAP_BCSystem" system-number="00000"><caption/><sid>DEV</sid><host>__UCE__</host></application-system><software-component><caption>SAP IGS HELPER</caption><ppms-number>01200615320200018926</ppms-number><runtime-type>OS</runtime-type><name>IGS_HELPER</name><version>7.20EXT</version><vendor>sap.com</vendor><support-package><caption>SP017 for SAP IGS HELPER</caption><name>SP017</name><vendor>sap.com</vendor><ppms-number>73555000101100029831</ppms-number><sp-level>017</sp-level><patch-level>17</patch-level><archives><os-set os="OSINDEP"><archive-name patch-level="17" os="OSINDEP">igshelper_17-10010245.sar</archive-name></os-set></archives></support-package></software-component><software-component><caption>ST-PI 740</caption><ppms-number>67838200100200024359</ppms-number><runtime-type>ABAP</runtime-type><name>ST-PI</name><version>740</version><vendor>sap.com</vendor><support-package><caption>ST-PI 740: SP 0016</caption><name>SAPK-74016INSTPI</name><vendor>sap.com</vendor><ppms-number>73554900101100065822</ppms-number><sp-level>0016</sp-level><patch-level>0</patch-level><archives><archive-name abap-delivery-transport="SAPK-74016INSTPI">K-74016INSTPI.SAR</archive-name></archives></support-package></software-component><software-component><caption>SAP HOST AGENT 7.22</caption><ppms-number>73554900100200011934</ppms-number><runtime-type>OS</runtime-type><name>SAPHOSTAGENT</name><version>7.22</version><vendor>sap.com</vendor><support-package><caption>SP054 for SAP HOST AGENT 7.22</caption><name>SP054</name><vendor>sap.com</vendor><ppms-number>73554900101100066781</ppms-number><sp-level>054</sp-level><patch-level>54</patch-level><archives><os-set os="LINUX_X64"><archive-name patch-level="54" os="LINUX_X64">SAPHOSTAGENT54_54-80004822.SAR</archive-name></os-set></archives></support-package></software-component><software-component><caption>SAP KERNEL 7.85 64-BIT UNICODE</caption><ppms-number>73554900100200013971</ppms-number><runtime-type>OS</runtime-type><name>KRNL64UC</name><version>7.85</version><vendor>sap.com</vendor><support-package><caption>SP050 for SAP KERNEL 7.85 64-BIT UNICODE</caption><name>SP050</name><vendor>sap.com</vendor><ppms-number>73554900101100066633</ppms-number><sp-level>050</sp-level><patch-level>50</patch-level><archives><os-set os="LINUX_X64"><db-set db="DBINDEP"><archive-name patch-level="50" os="LINUX_X64" db="DBINDEP">SAPEXE_50-80005374.SAR</archive-name></db-set><db-set db="HDB"><archive-name patch-level="50" os="LINUX_X64" db="HDB">SAPEXEDB_50-80005373.SAR</archive-name></db-set></os-set></archives></support-package></software-component><software-component><caption>BW4 CONT 2.0</caption><ppms-number>73555000100200010672</ppms-number><runtime-type>ABAP</runtime-type><name>BW4CONT</name><version>200</version><vendor>sap.com</vendor><support-package><caption>BW4CONT 200: SP 0001</caption><name>SAPK-20001INBW4CONT</name><vendor>sap.com</vendor><ppms-number>73555000101100038362</ppms-number><sp-level>0001</sp-level><patch-level>0</patch-level><archives><archive-name abap-delivery-transport="SAPK-20001INBW4CONT">K-20001INBW4CONT.SAR</archive-name></archives></support-package><support-package><caption>BW4CONT 200: SP 0002</caption><name>SAPK-20002INBW4CONT</name><vendor>sap.com</vendor><ppms-number>73554900101100054246</ppms-number><sp-level>0002</sp-level><patch-level>0</patch-level><archives><archive-name abap-delivery-transport="SAPK-20002INBW4CONT">K-20002INBW4CONT.SAR</archive-name></archives></support-package><support-package><caption>BW4CONT 200: SP 0003</caption><name>SAPK-20003INBW4CONT</name><vendor>sap.com</vendor><ppms-number>73554900101100054976</ppms-number><sp-level>0003</sp-level><patch-level>0</patch-level><archives><archive-name abap-delivery-transport="SAPK-20003INBW4CONT">K-20003INBW4CONT.SAR</archive-name></archives></support-package><support-package><caption>BW4CONT 200: SP 0004</caption><name>SAPK-20004INBW4CONT</name><vendor>sap.com</vendor><ppms-number>73555000101100046687</ppms-number><sp-level>0004</sp-level><patch-level>0</patch-level><archives><archive-name abap-delivery-transport="SAPK-20004INBW4CONT">K-20004INBW4CONT.SAR</archive-name></archives></support-package><support-package><caption>BW4CONT 200: SP 0005</caption><name>SAPK-20005INBW4CONT</name><vendor>sap.com</vendor><ppms-number>73554900101100059187</ppms-number><sp-level>0005</sp-level><patch-level>0</patch-level><archives><archive-name abap-delivery-transport="SAPK-20005INBW4CONT">K-20005INBW4CONT.SAR</archive-name></archives></support-package><support-package><caption>BW4CONT 200: SP 0006</caption><name>SAPK-20006INBW4CONT</name><vendor>sap.com</vendor><ppms-number>73555000101100048918</ppms-number><sp-level>0006</sp-level><patch-level>0</patch-level><archives><archive-name abap-delivery-transport="SAPK-20006INBW4CONT">K-20006INBW4CONT.SAR</archive-name></archives></support-package><support-package><caption>BW4CONT 200: SP 0007</caption><name>SAPK-20007INBW4CONT</name><vendor>sap.com</vendor><ppms-number>73554900101100063971</ppms-number><sp-level>0007</sp-level><patch-level>0</patch-level><archives><archive-name abap-delivery-transport="SAPK-20007INBW4CONT">K-20007INBW4CONT.SAR</archive-name></archives></support-package><support-package><caption>BW4CONT 200: SP 0008</caption><name>SAPK-20008INBW4CONT</name><vendor>sap.com</vendor><ppms-number>73554900101100064686</ppms-number><sp-level>0008</sp-level><patch-level>0</patch-level><archives><archive-name abap-delivery-transport="SAPK-20008INBW4CONT">K-20008INBW4CONT.SAR</archive-name></archives></support-package><archives><archive-name abap-delivery-transport="SAPK-200AHINBW4CONT">K-200AHINBW4CONT.SAR</archive-name></archives><archives><archive-name abap-delivery-transport="BW4CONT===200">BW4CONT200.SAR</archive-name></archives></software-component><software-component><caption>BW4 CONT B 2.0</caption><ppms-number>73555000100200010673</ppms-number><runtime-type>ABAP</runtime-type><name>BW4CONTB</name><version>200</version><vendor>sap.com</vendor><support-package><caption>BW4CONTB 200: SP 0001</caption><name>SAPK-20001INBW4CONTB</name><vendor>sap.com</vendor><ppms-number>73555000101100038361</ppms-number><sp-level>0001</sp-level><patch-level>0</patch-level><archives><archive-name abap-delivery-transport="SAPK-20001INBW4CONTB">K-20001INBW4CONTB.SAR</archive-name></archives></support-package><support-package><caption>BW4CONTB 200: SP 0002</caption><name>SAPK-20002INBW4CONTB</name><vendor>sap.com</vendor><ppms-number>73554900101100054381</ppms-number><sp-level>0002</sp-level><patch-level>0</patch-level><archives><archive-name abap-delivery-transport="SAPK-20002INBW4CONTB">K-20002INBW4CONTB.SAR</archive-name></archives></support-package><support-package><caption>BW4CONTB 200: SP 0003</caption><name>SAPK-20003INBW4CONTB</name><vendor>sap.com</vendor><ppms-number>73554900101100055228</ppms-number><sp-level>0003</sp-level><patch-level>0</patch-level><archives><archive-name abap-delivery-transport="SAPK-20003INBW4CONTB">K-20003INBW4CONTB.SAR</archive-name></archives></support-package><support-package><caption>BW4CONTB 200: SP 0004</caption><name>SAPK-20004INBW4CONTB</name><vendor>sap.com</vendor><ppms-number>73555000101100046660</ppms-number><sp-level>0004</sp-level><patch-level>0</patch-level><archives><archive-name abap-delivery-transport="SAPK-20004INBW4CONTB">K-20004INBW4CONTB.SAR</archive-name></archives></support-package><support-package><caption>BW4CONTB 200: SP 0005</caption><name>SAPK-20005INBW4CONTB</name><vendor>sap.com</vendor><ppms-number>73554900101100059378</ppms-number><sp-level>0005</sp-level><patch-level>0</patch-level><archives><archive-name abap-delivery-transport="SAPK-20005INBW4CONTB">K-20005INBW4CONTB.SAR</archive-name></archives></support-package><support-package><caption>BW4CONTB 200: SP 0006</caption><name>SAPK-20006INBW4CONTB</name><vendor>sap.com</vendor><ppms-number>73555000101100048919</ppms-number><sp-level>0006</sp-level><patch-level>0</patch-level><archives><archive-name abap-delivery-transport="SAPK-20006INBW4CONTB">K-20006INBW4CONTB.SAR</archive-name></archives></support-package><support-package><caption>BW4CONTB 200: SP 0007</caption><name>SAPK-20007INBW4CONTB</name><vendor>sap.com</vendor><ppms-number>73554900101100063981</ppms-number><sp-level>0007</sp-level><patch-level>0</patch-level><archives><archive-name abap-delivery-transport="SAPK-20007INBW4CONTB">K-20007INBW4CONTB.SAR</archive-name></archives></support-package><support-package><caption>BW4CONTB 200: SP 0008</caption><name>SAPK-20008INBW4CONTB</name><vendor>sap.com</vendor><ppms-number>73554900101100064705</ppms-number><sp-level>0008</sp-level><patch-level>0</patch-level><archives><archive-name abap-delivery-transport="SAPK-20008INBW4CONTB">K-20008INBW4CONTB.SAR</archive-name></archives></support-package><archives><archive-name abap-delivery-transport="SAPK-200AHINBW4CONTB">K-200AHINBW4CONTB.SAR</archive-name></archives><archives><archive-name abap-delivery-transport="BW4CONTB==200">BW4CONTB200.SAR</archive-name></archives></software-component><software-component><caption>SAP IGS 7.81</caption><ppms-number>73555000100200013220</ppms-number><runtime-type>OS</runtime-type><name>BC-FES-IGS</name><version>7.81</version><vendor>sap.com</vendor><support-package><caption>SP001 for SAP IGS 7.81</caption><name>SP001</name><vendor>sap.com</vendor><ppms-number>73554900101100064834</ppms-number><sp-level>001</sp-level><patch-level>1</patch-level><archives><os-set os="LINUX_X64"><archive-name patch-level="1" os="LINUX_X64">igsexe_1-70005417.sar</archive-name></os-set></archives></support-package></software-component></sp-feature-stack></sp-stack><target-system><application-system system-number="00000" creationclassname="SAP_BCSystem"><caption/><sid>DEV</sid><host>__UCE__</host><instance><type/><host/><number/><os/><cim-classname/></instance></application-system><initial-state/><constraints><constraint name="ppms-main-app-id" value="73555000100900004721" description="SAP BW/4HANA 2021"/><constraint name="stack-type" value="ABAP"/><constraint name="ppms-nw-id" value="73555000100900004721" description="SAP BW/4HANA 2021"/><constraint name="sid" value="DEV"/><constraint name="sps" value="73555000103300007121" description="Initial Shipment Stack"/></constraints><dvd type="installation" id="bw4hana300" caption="BW4HANA_300"><product><caption>SAP BW/4HANA 2021</caption><name>BW4HANA</name><ppms-number>73555000100900004721</ppms-number><vendor>sap.com</vendor></product><software-feature selectively-installable="N"><caption>SAP BW/4HANA 2021:BW/4HANA Server</caption><name>BW4HANA</name><version>2021</version><ppms-number>735550001009000047211</ppms-number><vendor>sap.com</vendor></software-feature><software-component-entry><caption>ST-PI740</caption><name>ST-PI</name><version>740</version><vendor>sap.com</vendor><ppms-number>67838200100200024359</ppms-number><sp-level>0015</sp-level><patch-level/><runtime-type>ABAP</runtime-type></software-component-entry><software-component-entry><caption>SAP_UI756</caption><name>SAP_UI</name><version>756</version><vendor>sap.com</vendor><ppms-number>73554900100200013236</ppms-number><sp-level>0000</sp-level><patch-level/><runtime-type>ABAP</runtime-type></software-component-entry><software-component-entry><caption>SAP_BASIS756</caption><name>SAP_BASIS</name><version>756</version><vendor>sap.com</vendor><ppms-number>73554900100200013938</ppms-number><sp-level>0000</sp-level><patch-level/><runtime-type>ABAP</runtime-type></software-component-entry><software-component-entry><caption>SAP_ABA75G</caption><name>SAP_ABA</name><version>75G</version><vendor>sap.com</vendor><ppms-number>73554900100200013939</ppms-number><sp-level>0000</sp-level><patch-level/><runtime-type>ABAP</runtime-type></software-component-entry><software-component-entry><caption>SAP_GWFND756</caption><name>SAP_GWFND</name><version>756</version><vendor>sap.com</vendor><ppms-number>73554900100200014054</ppms-number><sp-level>0000</sp-level><patch-level/><runtime-type>ABAP</runtime-type></software-component-entry><software-component-entry><caption>UIBAS001700</caption><name>UIBAS001</name><version>700</version><vendor>sap.com</vendor><ppms-number>73554900100200014134</ppms-number><sp-level>0000</sp-level><patch-level/><runtime-type>ABAP</runtime-type></software-component-entry><software-component-entry><caption>DW4CORE300</caption><name>DW4CORE</name><version>300</version><vendor>sap.com</vendor><ppms-number>73555000100200013641</ppms-number><sp-level>0000</sp-level><patch-level/><runtime-type>ABAP</runtime-type></software-component-entry></dvd><sl-tool><software-component-entry><caption>SPAM/SAINT Update - Version 756/0078</caption><name>SAP_OCS</name><version>756</version><vendor>sap.com</vendor><ppms-number>73555000100200013991</ppms-number><sp-level>0078</sp-level><patch-level>SAPKD75678</patch-level><runtime-type>ABAP</runtime-type></software-component-entry></sl-tool></target-system></sp-stacks>