<?xml version="1.0" encoding="utf-8"?><!--THIS STACK CONFIGURATION FILE IS VERIFIED BY MAINTENANCE OPTIMIZER.
DO NOT CHANGE THE CONTENT OF THIS FILE!
MAINTENANCE OPTIMIZER SIGNATURE:A6E145B59BC56418BAE2A12F0B1E06F090BDA678--><sp-stacks version="1.0" mopz-transaction-id="1001194237" solution-manager-sid="" mopz-transaction-guid="00109B147F121EDBACFF78317B5800F3" smp-user="S0021499789"><sp-stack><caption>20 (03/2021)</caption><ppms-number>73555000103300007109</ppms-number><stack-type gen-time="20210513150213 " gen-version="M">system</stack-type><sap-note>0002993449</sap-note><release-date>20210303</release-date><product><caption>SAP NETWEAVER 7.5</caption><name>SAP NETWEAVER</name><version>7.5</version><ppms-number>73554900100900000414</ppms-number><vendor>sap.com</vendor></product><replaced-product><caption>SAP NETWEAVER 7.4</caption><name>SAP NETWEAVER</name><version>7.4</version><ppms-number>67838200100900005868</ppms-number><vendor>sap.com</vendor></replaced-product><replaced-product><caption>SAP EHP1 FOR SAP NETWEAVER 7.3</caption><name>SAP NETWEAVER</name><version>7.31</version><ppms-number>01200615320900005175</ppms-number><vendor>sap.com</vendor></replaced-product><replaced-product><caption>SAP NETWEAVER 7.3</caption><name>SAP NETWEAVER</name><version>7.3</version><ppms-number>01200314690900002540</ppms-number><vendor>sap.com</vendor></replaced-product><replaced-product><caption>SAP NETWEAVER 7.0</caption><name>SAP NETWEAVER</name><version>7.0 (2004S)</version><ppms-number>01200615320900001250</ppms-number><vendor>sap.com</vendor></replaced-product><replaced-product><caption>SAP EHP2 FOR SAP NETWEAVER 7.0</caption><name>SAP NETWEAVER</name><version>SAP EHP2 FOR SAP NETWEAVER 7.0</version><ppms-number>01200615320900003225</ppms-number><vendor>sap.com</vendor></replaced-product><replaced-product><caption>SAP EHP1 FOR SAP NW PI 7.1</caption><name>SAP NETWEAVER PI</name><version>7.11</version><ppms-number>01200615320900002548</ppms-number><vendor>sap.com</vendor></replaced-product><replaced-product><caption>SAP EHP1 FOR SAP NETWEAVER 7.0</caption><name>SAP NETWEAVER</name><version>SAP EHP1 FOR SAP NETWEAVER 7.0</version><ppms-number>01200314690900000866</ppms-number><vendor>sap.com</vendor></replaced-product><replaced-product><caption>SAP NETWEAVER CE 7.2</caption><name>SAP NETWEAVER CE</name><version>7.20</version><ppms-number>01200615320900004494</ppms-number><vendor>sap.com</vendor></replaced-product><replaced-product><caption>SAP EHP1 FOR SAP NW CE 7.1</caption><name>SAP NETWEAVER CE</name><version>7.1.1</version><ppms-number>01200615320900002084</ppms-number><vendor>sap.com</vendor></replaced-product><replaced-product><caption>SAP NETWEAVER PI 7.1</caption><name>SAP NETWEAVER PI</name><version>7.1</version><ppms-number>01200615320900001495</ppms-number><vendor>sap.com</vendor></replaced-product><replaced-product><caption>SAP NETWEAVER CE 7.1</caption><name>SAP NETWEAVER CE</name><version>7.1</version><ppms-number>01200615320900001418</ppms-number><vendor>sap.com</vendor></replaced-product><replaced-product><caption>SAP NETWEAVER AS ABAP 7.1</caption><name>SAP NETWEAVER AS ABAP</name><version>7.1</version><ppms-number>01200314690900000451</ppms-number><vendor>sap.com</vendor></replaced-product><replaced-product><caption>PORTAL ADD-ON SAP NW 7.0</caption><name>PORTAL ADD-ON NW 7.0</name><version>PORTAL ADD-ON NW 7.0</version><ppms-number>01200314690900002648</ppms-number><vendor>sap.com</vendor></replaced-product><replaced-product><caption>PORTAL ADD-ON SAP NW 7.0 EHP1</caption><name>PORTAL ADD-ON NW 7.01</name><version>PORTAL ADD-ON NW 7.01</version><ppms-number>01200314690900001453</ppms-number><vendor>sap.com</vendor></replaced-product><replaced-product><caption>PORTAL ADD-ON SAP NW 7.0 EHP2</caption><name>PORTAL ADD-ON NW 7.02</name><version>PORTAL ADD-ON NW 7.02</version><ppms-number>01200615320900003664</ppms-number><vendor>sap.com</vendor></replaced-product><replaced-product><caption>SAP NW AS ABAP 7.4 FOR SUITE</caption><name>SAP NETWEAVER ABAP FOR SUITE</name><version>7.40</version><ppms-number>67838200100900005821</ppms-number><vendor>sap.com</vendor></replaced-product><replaced-product><caption>ESR FOR SAP NETWEAVER CE 7.1</caption><name>ESR FOR SAP NETWEAVER CE</name><version>7.1</version><ppms-number>01200615320900001553</ppms-number><vendor>sap.com</vendor></replaced-product><replaced-product><caption>SAP EHP1 FOR SAP NW ABAP 7.1</caption><name>SAP NETWEAVER AS ABAP</name><version>7.11</version><ppms-number>01200314690900000868</ppms-number><vendor>sap.com</vendor></replaced-product><replaced-product><caption>SAP EHP3 FOR SAP NETWEAVER 7.0</caption><name>SAP NETWEAVER</name><version>SAP EHP3 FOR  7.0</version><ppms-number>01200314690900002470</ppms-number><vendor>sap.com</vendor></replaced-product><replaced-product><caption>SAP GATEWAY 2.0</caption><name>CONCEPT GATEWAY</name><version>2.0</version><ppms-number>01200615320900005437</ppms-number><vendor>sap.com</vendor></replaced-product><replaced-product><caption>UI ADD-ON 1.0 FOR NW 7.00</caption><name>SAP_NW_UI_EXTENSIONS_100_700</name><version>100_700</version><ppms-number>01200314690900004986</ppms-number><vendor>sap.com</vendor></replaced-product><replaced-product><caption>UI ADD-ON 1.0 FOR NW 7.01</caption><name>SAP_NW_UI_EXTENSIONS_100_701</name><version>100_701</version><ppms-number>01200314690900004987</ppms-number><vendor>sap.com</vendor></replaced-product><replaced-product><caption>UI ADD-ON 1.0 FOR NW 7.02</caption><name>SAP_NW_UI_EXTENSIONS_100_702</name><version>100_702</version><ppms-number>01200314690900004988</ppms-number><vendor>sap.com</vendor></replaced-product><replaced-product><caption>UI ADD-ON 1.0 FOR NW 7.03</caption><name>SAP_NW_UI_EXTENSIONS_7.03</name><version>100</version><ppms-number>01200314690900004969</ppms-number><vendor>sap.com</vendor></replaced-product><replaced-product><caption>SAP NETWEAVER MOBILE 7.1</caption><name>SAP NETWEAVER MOBILE</name><version>7.1</version><ppms-number>01200615320900001488</ppms-number><vendor>sap.com</vendor></replaced-product><replaced-product><caption>SAP EHP1 FOR SAP NW MOBILE 7.1</caption><name>SAP NETWEAVER MOBILE</name><version>7.11</version><ppms-number>01200615320900002549</ppms-number><vendor>sap.com</vendor></replaced-product><replaced-product><caption>SAP PC 10.1 FOR SAP NW</caption><name>SAP BUSINESS PLANNING AND CONS</name><version>10.5</version><ppms-number>67837800100900008134</ppms-number><vendor>sap.com</vendor></replaced-product><replaced-product><caption>UI ADD-ON 2.0</caption><name>SAP UI ADD-ON</name><version>200</version><ppms-number>73554900100900000457</ppms-number><vendor>sap.com</vendor></replaced-product><replaced-product><caption>SAP RMGT 3.00</caption><name>SAP RECORDS MANAGEMENT</name><version>SAP RMGT 3.00</version><ppms-number>01200314690900000267</ppms-number><vendor>sap.com</vendor></replaced-product><replaced-product><caption>SAP NW ABAP 7.4 FOR OOEM 1.0</caption><name>SAP_NW_ABAP_OOEM</name><version>1.0</version><ppms-number>67837800100900008927</ppms-number><vendor>sap.com</vendor></replaced-product><replaced-product><caption>EXP: SAP CONTENT SERVER 6.40</caption><name>SAP CONTENT SERVER</name><version>6.40</version><ppms-number>01200615320900001396</ppms-number><vendor>sap.com</vendor></replaced-product><replaced-product><caption>PI CONNECTIVITY ADDON 2.0</caption><name>PI_CONNECTIVITY_ADDON</name><version>2.0</version><ppms-number>73555000100900004727</ppms-number><vendor>sap.com</vendor></replaced-product><replaced-product><caption>PI SFTP PGP ADDON 1.0</caption><name>PI_SFTPPGP_ADDON</name><version>1.0</version><ppms-number>67837800100900006827</ppms-number><vendor>sap.com</vendor></replaced-product><replaced-product><caption>SAP NETWEAVER 04</caption><name>SAP NETWEAVER</name><version>04</version><ppms-number>01200314690900000192</ppms-number><vendor>sap.com</vendor></replaced-product><sp-feature-stack><caption>SAP NETWEAVER 7.5 : Application Server ABAP - 20 (03/2021)</caption><software-feature selectively-installable="N"><caption>SAP NETWEAVER 7.5: Application Server ABAP</caption><name>SAP NETWEAVER</name><version>7.5</version><vendor>sap.com</vendor><ppms-number>735549001009000004141</ppms-number></software-feature><application-system creationclassname="SAP_BCSystem" system-number="00000"><caption/><sid>XXX</sid><host>__UCE__</host></application-system><software-component><caption>SAP IGS HELPER</caption><ppms-number>01200615320200018926</ppms-number><runtime-type>OS</runtime-type><name>IGS_HELPER</name><version>7.20EXT</version><vendor>sap.com</vendor><support-package><caption>SP017 for SAP IGS HELPER</caption><name>SP017</name><vendor>sap.com</vendor><ppms-number>73555000101100029831</ppms-number><sp-level>017</sp-level><patch-level>17</patch-level><archives><os-set os="OSINDEP"><archive-name patch-level="17" os="OSINDEP">igshelper_17-10010245.sar</archive-name></os-set></archives></support-package></software-component><software-component><caption>SAP HOST AGENT 7.21</caption><ppms-number>67838200100200018473</ppms-number><runtime-type>OS</runtime-type><name>SAPHOSTAGENT</name><version>7.21</version><vendor>sap.com</vendor><support-package><caption>SP051 for SAP HOST AGENT 7.21</caption><name>SP051</name><vendor>sap.com</vendor><ppms-number>73555000101100053919</ppms-number><sp-level>051</sp-level><patch-level>51</patch-level><archives><os-set os="LINUX_X64"><archive-name patch-level="51" os="LINUX_X64">SAPHOSTAGENT51_51-20009394.SAR</archive-name></os-set></archives></support-package></software-component><software-component><caption>ST-PI 740</caption><ppms-number>67838200100200024359</ppms-number><runtime-type>ABAP</runtime-type><name>ST-PI</name><version>740</version><vendor>sap.com</vendor><support-package><caption>ST-PI 740: SP 0002</caption><name>SAPK-74002INSTPI</name><vendor>sap.com</vendor><ppms-number>73555000101100001258</ppms-number><sp-level>0002</sp-level><patch-level>0</patch-level><archives><archive-name abap-delivery-transport="SAPK-74002INSTPI">K-74002INSTPI.SAR</archive-name></archives></support-package><support-package><caption>ST-PI 740: SP 0003</caption><name>SAPK-74003INSTPI</name><vendor>sap.com</vendor><ppms-number>73555000101100007384</ppms-number><sp-level>0003</sp-level><patch-level>0</patch-level><archives><archive-name abap-delivery-transport="SAPK-74003INSTPI">K-74003INSTPI.SAR</archive-name></archives></support-package><support-package><caption>ST-PI 740: SP 0004</caption><name>SAPK-74004INSTPI</name><vendor>sap.com</vendor><ppms-number>73555000101100009284</ppms-number><sp-level>0004</sp-level><patch-level>0</patch-level><archives><archive-name abap-delivery-transport="SAPK-74004INSTPI">K-74004INSTPI.SAR</archive-name></archives></support-package><support-package><caption>ST-PI 740: SP 0005</caption><name>SAPK-74005INSTPI</name><vendor>sap.com</vendor><ppms-number>73554900101100018267</ppms-number><sp-level>0005</sp-level><patch-level>0</patch-level><archives><archive-name abap-delivery-transport="SAPK-74005INSTPI">K-74005INSTPI.SAR</archive-name></archives></support-package><support-package><caption>ST-PI 740: SP 0006</caption><name>SAPK-74006INSTPI</name><vendor>sap.com</vendor><ppms-number>73555000101100019445</ppms-number><sp-level>0006</sp-level><patch-level>0</patch-level><archives><archive-name abap-delivery-transport="SAPK-74006INSTPI">K-74006INSTPI.SAR</archive-name></archives></support-package><support-package><caption>ST-PI 740: SP 0007</caption><name>SAPK-74007INSTPI</name><vendor>sap.com</vendor><ppms-number>73555000101100020378</ppms-number><sp-level>0007</sp-level><patch-level>0</patch-level><archives><archive-name abap-delivery-transport="SAPK-74007INSTPI">K-74007INSTPI.SAR</archive-name></archives></support-package><support-package><caption>ST-PI 740: SP 0008</caption><name>SAPK-74008INSTPI</name><vendor>sap.com</vendor><ppms-number>73554900101100032008</ppms-number><sp-level>0008</sp-level><patch-level>0</patch-level><archives><archive-name abap-delivery-transport="SAPK-74008INSTPI">K-74008INSTPI.SAR</archive-name></archives></support-package><support-package><caption>ST-PI 740: SP 0009</caption><name>SAPK-74009INSTPI</name><vendor>sap.com</vendor><ppms-number>73555000101100028195</ppms-number><sp-level>0009</sp-level><patch-level>0</patch-level><archives><archive-name abap-delivery-transport="SAPK-74009INSTPI">K-74009INSTPI.SAR</archive-name></archives></support-package><support-package><caption>ST-PI 740: SP 0010</caption><name>SAPK-74010INSTPI</name><vendor>sap.com</vendor><ppms-number>73554900101100043490</ppms-number><sp-level>0010</sp-level><patch-level>0</patch-level><archives><archive-name abap-delivery-transport="SAPK-74010INSTPI">K-74010INSTPI.SAR</archive-name></archives></support-package><support-package><caption>ST-PI 740: SP 0011</caption><name>SAPK-74011INSTPI</name><vendor>sap.com</vendor><ppms-number>73554900101100045618</ppms-number><sp-level>0011</sp-level><patch-level>0</patch-level><archives><archive-name abap-delivery-transport="SAPK-74011INSTPI">K-74011INSTPI.SAR</archive-name></archives></support-package><support-package><caption>ST-PI 740: SP 0012</caption><name>SAPK-74012INSTPI</name><vendor>sap.com</vendor><ppms-number>73554900101100048162</ppms-number><sp-level>0012</sp-level><patch-level>0</patch-level><archives><archive-name abap-delivery-transport="SAPK-74012INSTPI">K-74012INSTPI.SAR</archive-name></archives></support-package><support-package><caption>ST-PI 740: SP 0013</caption><name>SAPK-74013INSTPI</name><vendor>sap.com</vendor><ppms-number>73555000101100042535</ppms-number><sp-level>0013</sp-level><patch-level>0</patch-level><archives><archive-name abap-delivery-transport="SAPK-74013INSTPI">K-74013INSTPI.SAR</archive-name></archives></support-package><support-package><caption>ST-PI 740: SP 0014</caption><name>SAPK-74014INSTPI</name><vendor>sap.com</vendor><ppms-number>73554900101100057586</ppms-number><sp-level>0014</sp-level><patch-level>0</patch-level><archives><archive-name abap-delivery-transport="SAPK-74014INSTPI">K-74014INSTPI.SAR</archive-name></archives></support-package><archives><archive-name abap-delivery-transport="ST-PI=====740">ST-PI740.SAR</archive-name></archives></software-component><software-component><caption>SAP BASIS 7.50</caption><ppms-number>73554900100200001428</ppms-number><runtime-type>ABAP</runtime-type><name>SAP_BASIS</name><version>750</version><vendor>sap.com</vendor><support-package><caption>SAP_BASIS 750: SP 0001</caption><name>SAPK-75001INSAPBASIS</name><vendor>sap.com</vendor><ppms-number>73554900101100012495</ppms-number><sp-level>0001</sp-level><patch-level>0</patch-level><archives><archive-name abap-delivery-transport="SAPK-75001INSAPBASIS">K-75001INSAPBASIS.SAR</archive-name></archives></support-package><support-package><caption>SAP_BASIS 750: SP 0002</caption><name>SAPK-75002INSAPBASIS</name><vendor>sap.com</vendor><ppms-number>73555000101100008919</ppms-number><sp-level>0002</sp-level><patch-level>0</patch-level><archives><archive-name abap-delivery-transport="SAPK-75002INSAPBASIS">K-75002INSAPBASIS.SAR</archive-name></archives></support-package><support-package><caption>SAP_BASIS 750: SP 0003</caption><name>SAPK-75003INSAPBASIS</name><vendor>sap.com</vendor><ppms-number>73554900101100016010</ppms-number><sp-level>0003</sp-level><patch-level>0</patch-level><archives><archive-name abap-delivery-transport="SAPK-75003INSAPBASIS">K-75003INSAPBASIS.SAR</archive-name></archives></support-package><support-package><caption>SAP_BASIS 750: SP 0004</caption><name>SAPK-75004INSAPBASIS</name><vendor>sap.com</vendor><ppms-number>73554900101100017916</ppms-number><sp-level>0004</sp-level><patch-level>0</patch-level><archives><archive-name abap-delivery-transport="SAPK-75004INSAPBASIS">K-75004INSAPBASIS.SAR</archive-name></archives></support-package><support-package><caption>SAP_BASIS 750: SP 0005</caption><name>SAPK-75005INSAPBASIS</name><vendor>sap.com</vendor><ppms-number>73555000101100014998</ppms-number><sp-level>0005</sp-level><patch-level>0</patch-level><archives><archive-name abap-delivery-transport="SAPK-75005INSAPBASIS">K-75005INSAPBASIS.SAR</archive-name></archives></support-package><support-package><caption>SAP_BASIS 750: SP 0006</caption><name>SAPK-75006INSAPBASIS</name><vendor>sap.com</vendor><ppms-number>73554900101100021202</ppms-number><sp-level>0006</sp-level><patch-level>0</patch-level><archives><archive-name abap-delivery-transport="SAPK-75006INSAPBASIS">K-75006INSAPBASIS.SAR</archive-name></archives></support-package><support-package><caption>SAP_BASIS 750: SP 0007</caption><name>SAPK-75007INSAPBASIS</name><vendor>sap.com</vendor><ppms-number>73555000101100019424</ppms-number><sp-level>0007</sp-level><patch-level>0</patch-level><archives><archive-name abap-delivery-transport="SAPK-75007INSAPBASIS">K-75007INSAPBASIS.SAR</archive-name></archives></support-package><support-package><caption>SAP_BASIS 750: SP 0008</caption><name>SAPK-75008INSAPBASIS</name><vendor>sap.com</vendor><ppms-number>73554900101100025883</ppms-number><sp-level>0008</sp-level><patch-level>0</patch-level><archives><archive-name abap-delivery-transport="SAPK-75008INSAPBASIS">K-75008INSAPBASIS.SAR</archive-name></archives></support-package><support-package><caption>SAP_BASIS 750: SP 0009</caption><name>SAPK-75009INSAPBASIS</name><vendor>sap.com</vendor><ppms-number>73554900101100027981</ppms-number><sp-level>0009</sp-level><patch-level>0</patch-level><archives><archive-name abap-delivery-transport="SAPK-75009INSAPBASIS">K-75009INSAPBASIS.SAR</archive-name></archives></support-package><support-package><caption>SAP_BASIS 750: SP 0010</caption><name>SAPK-75010INSAPBASIS</name><vendor>sap.com</vendor><ppms-number>73554900101100031057</ppms-number><sp-level>0010</sp-level><patch-level>0</patch-level><archives><archive-name abap-delivery-transport="SAPK-75010INSAPBASIS">K-75010INSAPBASIS.SAR</archive-name></archives></support-package><support-package><caption>SAP_BASIS 750: SP 0011</caption><name>SAPK-75011INSAPBASIS</name><vendor>sap.com</vendor><ppms-number>73555000101100025512</ppms-number><sp-level>0011</sp-level><patch-level>0</patch-level><archives><archive-name abap-delivery-transport="SAPK-75011INSAPBASIS">K-75011INSAPBASIS.SAR</archive-name></archives></support-package><support-package><caption>SAP_BASIS 750: SP 0012</caption><name>SAPK-75012INSAPBASIS</name><vendor>sap.com</vendor><ppms-number>73554900101100035130</ppms-number><sp-level>0012</sp-level><patch-level>0</patch-level><archives><archive-name abap-delivery-transport="SAPK-75012INSAPBASIS">K-75012INSAPBASIS.SAR</archive-name></archives></support-package><support-package><caption>SAP_BASIS 750: SP 0013</caption><name>SAPK-75013INSAPBASIS</name><vendor>sap.com</vendor><ppms-number>73555000101100030356</ppms-number><sp-level>0013</sp-level><patch-level>0</patch-level><archives><archive-name abap-delivery-transport="SAPK-75013INSAPBASIS">K-75013INSAPBASIS.SAR</archive-name></archives></support-package><support-package><caption>SAP_BASIS 750: SP 0014</caption><name>SAPK-75014INSAPBASIS</name><vendor>sap.com</vendor><ppms-number>73555000101100032443</ppms-number><sp-level>0014</sp-level><patch-level>0</patch-level><archives><archive-name abap-delivery-transport="SAPK-75014INSAPBASIS">K-75014INSAPBASIS.SAR</archive-name></archives></support-package><support-package><caption>SAP_BASIS 750: SP 0015</caption><name>SAPK-75015INSAPBASIS</name><vendor>sap.com</vendor><ppms-number>73555000101100035813</ppms-number><sp-level>0015</sp-level><patch-level>0</patch-level><archives><archive-name abap-delivery-transport="SAPK-75015INSAPBASIS">K-75015INSAPBASIS.SAR</archive-name></archives></support-package><support-package><caption>SAP_BASIS 750: SP 0016</caption><name>SAPK-75016INSAPBASIS</name><vendor>sap.com</vendor><ppms-number>73554900101100047811</ppms-number><sp-level>0016</sp-level><patch-level>0</patch-level><archives><archive-name abap-delivery-transport="SAPK-75016INSAPBASIS">K-75016INSAPBASIS.SAR</archive-name></archives></support-package><support-package><caption>SAP_BASIS 750: SP 0017</caption><name>SAPK-75017INSAPBASIS</name><vendor>sap.com</vendor><ppms-number>73554900101100053377</ppms-number><sp-level>0017</sp-level><patch-level>0</patch-level><archives><archive-name abap-delivery-transport="SAPK-75017INSAPBASIS">K-75017INSAPBASIS.SAR</archive-name></archives></support-package><support-package><caption>SAP_BASIS 750: SP 0018</caption><name>SAPK-75018INSAPBASIS</name><vendor>sap.com</vendor><ppms-number>73555000101100044593</ppms-number><sp-level>0018</sp-level><patch-level>0</patch-level><archives><archive-name abap-delivery-transport="SAPK-75018INSAPBASIS">K-75018INSAPBASIS.SAR</archive-name></archives></support-package><support-package><caption>SAP_BASIS 750: SP 0019</caption><name>SAPK-75019INSAPBASIS</name><vendor>sap.com</vendor><ppms-number>73554900101100058704</ppms-number><sp-level>0019</sp-level><patch-level>0</patch-level><archives><archive-name abap-delivery-transport="SAPK-75019INSAPBASIS">K-75019INSAPBASIS.SAR</archive-name></archives></support-package><support-package><caption>SAP_BASIS 750: SP 0020</caption><name>SAPK-75020INSAPBASIS</name><vendor>sap.com</vendor><ppms-number>73555000101100048791</ppms-number><sp-level>0020</sp-level><patch-level>0</patch-level><archives><archive-name abap-delivery-transport="SAPK-75020INSAPBASIS">K-75020INSAPBASIS.SAR</archive-name></archives></support-package><archives><archive-name abap-delivery-transport="SAP_BASIS=750">SAP_BASIS750.SAR</archive-name></archives></software-component><software-component><caption>SAP ABA 7.50</caption><ppms-number>73554900100200001735</ppms-number><runtime-type>ABAP</runtime-type><name>SAP_ABA</name><version>750</version><vendor>sap.com</vendor><support-package><caption>SAP_ABA 750: SP 0001</caption><name>SAPK-75001INSAPABA</name><vendor>sap.com</vendor><ppms-number>73554900101100012499</ppms-number><sp-level>0001</sp-level><patch-level>0</patch-level><archives><archive-name abap-delivery-transport="SAPK-75001INSAPABA">K-75001INSAPABA.SAR</archive-name></archives></support-package><support-package><caption>SAP_ABA 750: SP 0002</caption><name>SAPK-75002INSAPABA</name><vendor>sap.com</vendor><ppms-number>73555000101100008920</ppms-number><sp-level>0002</sp-level><patch-level>0</patch-level><archives><archive-name abap-delivery-transport="SAPK-75002INSAPABA">K-75002INSAPABA.SAR</archive-name></archives></support-package><support-package><caption>SAP_ABA 750: SP 0003</caption><name>SAPK-75003INSAPABA</name><vendor>sap.com</vendor><ppms-number>73554900101100016041</ppms-number><sp-level>0003</sp-level><patch-level>0</patch-level><archives><archive-name abap-delivery-transport="SAPK-75003INSAPABA">K-75003INSAPABA.SAR</archive-name></archives></support-package><support-package><caption>SAP_ABA 750: SP 0004</caption><name>SAPK-75004INSAPABA</name><vendor>sap.com</vendor><ppms-number>73554900101100017917</ppms-number><sp-level>0004</sp-level><patch-level>0</patch-level><archives><archive-name abap-delivery-transport="SAPK-75004INSAPABA">K-75004INSAPABA.SAR</archive-name></archives></support-package><support-package><caption>SAP_ABA 750: SP 0005</caption><name>SAPK-75005INSAPABA</name><vendor>sap.com</vendor><ppms-number>73555000101100014993</ppms-number><sp-level>0005</sp-level><patch-level>0</patch-level><archives><archive-name abap-delivery-transport="SAPK-75005INSAPABA">K-75005INSAPABA.SAR</archive-name></archives></support-package><support-package><caption>SAP_ABA 750: SP 0006</caption><name>SAPK-75006INSAPABA</name><vendor>sap.com</vendor><ppms-number>73554900101100021203</ppms-number><sp-level>0006</sp-level><patch-level>0</patch-level><archives><archive-name abap-delivery-transport="SAPK-75006INSAPABA">K-75006INSAPABA.SAR</archive-name></archives></support-package><support-package><caption>SAP_ABA 750: SP 0007</caption><name>SAPK-75007INSAPABA</name><vendor>sap.com</vendor><ppms-number>73555000101100019425</ppms-number><sp-level>0007</sp-level><patch-level>0</patch-level><archives><archive-name abap-delivery-transport="SAPK-75007INSAPABA">K-75007INSAPABA.SAR</archive-name></archives></support-package><support-package><caption>SAP_ABA 750: SP 0008</caption><name>SAPK-75008INSAPABA</name><vendor>sap.com</vendor><ppms-number>73554900101100025884</ppms-number><sp-level>0008</sp-level><patch-level>0</patch-level><archives><archive-name abap-delivery-transport="SAPK-75008INSAPABA">K-75008INSAPABA.SAR</archive-name></archives></support-package><support-package><caption>SAP_ABA 750: SP 0009</caption><name>SAPK-75009INSAPABA</name><vendor>sap.com</vendor><ppms-number>73554900101100027982</ppms-number><sp-level>0009</sp-level><patch-level>0</patch-level><archives><archive-name abap-delivery-transport="SAPK-75009INSAPABA">K-75009INSAPABA.SAR</archive-name></archives></support-package><support-package><caption>SAP_ABA 750: SP 0010</caption><name>SAPK-75010INSAPABA</name><vendor>sap.com</vendor><ppms-number>73554900101100031056</ppms-number><sp-level>0010</sp-level><patch-level>0</patch-level><archives><archive-name abap-delivery-transport="SAPK-75010INSAPABA">K-75010INSAPABA.SAR</archive-name></archives></support-package><support-package><caption>SAP_ABA 750: SP 0011</caption><name>SAPK-75011INSAPABA</name><vendor>sap.com</vendor><ppms-number>73555000101100025511</ppms-number><sp-level>0011</sp-level><patch-level>0</patch-level><archives><archive-name abap-delivery-transport="SAPK-75011INSAPABA">K-75011INSAPABA.SAR</archive-name></archives></support-package><support-package><caption>SAP_ABA 750: SP 0012</caption><name>SAPK-75012INSAPABA</name><vendor>sap.com</vendor><ppms-number>73554900101100035129</ppms-number><sp-level>0012</sp-level><patch-level>0</patch-level><archives><archive-name abap-delivery-transport="SAPK-75012INSAPABA">K-75012INSAPABA.SAR</archive-name></archives></support-package><support-package><caption>SAP_ABA 750: SP 0013</caption><name>SAPK-75013INSAPABA</name><vendor>sap.com</vendor><ppms-number>73555000101100030355</ppms-number><sp-level>0013</sp-level><patch-level>0</patch-level><archives><archive-name abap-delivery-transport="SAPK-75013INSAPABA">K-75013INSAPABA.SAR</archive-name></archives></support-package><support-package><caption>SAP_ABA 750: SP 0014</caption><name>SAPK-75014INSAPABA</name><vendor>sap.com</vendor><ppms-number>73555000101100032442</ppms-number><sp-level>0014</sp-level><patch-level>0</patch-level><archives><archive-name abap-delivery-transport="SAPK-75014INSAPABA">K-75014INSAPABA.SAR</archive-name></archives></support-package><support-package><caption>SAP_ABA 750: SP 0015</caption><name>SAPK-75015INSAPABA</name><vendor>sap.com</vendor><ppms-number>73555000101100035844</ppms-number><sp-level>0015</sp-level><patch-level>0</patch-level><archives><archive-name abap-delivery-transport="SAPK-75015INSAPABA">K-75015INSAPABA.SAR</archive-name></archives></support-package><support-package><caption>SAP_ABA 750: SP 0016</caption><name>SAPK-75016INSAPABA</name><vendor>sap.com</vendor><ppms-number>73554900101100047801</ppms-number><sp-level>0016</sp-level><patch-level>0</patch-level><archives><archive-name abap-delivery-transport="SAPK-75016INSAPABA">K-75016INSAPABA.SAR</archive-name></archives></support-package><support-package><caption>SAP_ABA 750: SP 0017</caption><name>SAPK-75017INSAPABA</name><vendor>sap.com</vendor><ppms-number>73554900101100053401</ppms-number><sp-level>0017</sp-level><patch-level>0</patch-level><archives><archive-name abap-delivery-transport="SAPK-75017INSAPABA">K-75017INSAPABA.SAR</archive-name></archives></support-package><support-package><caption>SAP_ABA 750: SP 0018</caption><name>SAPK-75018INSAPABA</name><vendor>sap.com</vendor><ppms-number>73555000101100044591</ppms-number><sp-level>0018</sp-level><patch-level>0</patch-level><archives><archive-name abap-delivery-transport="SAPK-75018INSAPABA">K-75018INSAPABA.SAR</archive-name></archives></support-package><support-package><caption>SAP_ABA 750: SP 0019</caption><name>SAPK-75019INSAPABA</name><vendor>sap.com</vendor><ppms-number>73554900101100058702</ppms-number><sp-level>0019</sp-level><patch-level>0</patch-level><archives><archive-name abap-delivery-transport="SAPK-75019INSAPABA">K-75019INSAPABA.SAR</archive-name></archives></support-package><support-package><caption>SAP_ABA 750: SP 0020</caption><name>SAPK-75020INSAPABA</name><vendor>sap.com</vendor><ppms-number>73555000101100048771</ppms-number><sp-level>0020</sp-level><patch-level>0</patch-level><archives><archive-name abap-delivery-transport="SAPK-75020INSAPABA">K-75020INSAPABA.SAR</archive-name></archives></support-package></software-component><software-component><caption>SAP NW GATEWAY FOUNDATION 7.50</caption><ppms-number>73554900100200001767</ppms-number><runtime-type>ABAP</runtime-type><name>SAP_GWFND</name><version>750</version><vendor>sap.com</vendor><support-package><caption>SAP_GWFND 750: SP 0001</caption><name>SAPK-75001INSAPGWFND</name><vendor>sap.com</vendor><ppms-number>73554900101100012496</ppms-number><sp-level>0001</sp-level><patch-level>0</patch-level><archives><archive-name abap-delivery-transport="SAPK-75001INSAPGWFND">K-75001INSAPGWFND.SAR</archive-name></archives></support-package><support-package><caption>SAP_GWFND 750: SP 0002</caption><name>SAPK-75002INSAPGWFND</name><vendor>sap.com</vendor><ppms-number>73555000101100008916</ppms-number><sp-level>0002</sp-level><patch-level>0</patch-level><archives><archive-name abap-delivery-transport="SAPK-75002INSAPGWFND">K-75002INSAPGWFND.SAR</archive-name></archives></support-package><support-package><caption>SAP_GWFND 750: SP 0003</caption><name>SAPK-75003INSAPGWFND</name><vendor>sap.com</vendor><ppms-number>73554900101100016007</ppms-number><sp-level>0003</sp-level><patch-level>0</patch-level><archives><archive-name abap-delivery-transport="SAPK-75003INSAPGWFND">K-75003INSAPGWFND.SAR</archive-name></archives></support-package><support-package><caption>SAP_GWFND 750: SP 0004</caption><name>SAPK-75004INSAPGWFND</name><vendor>sap.com</vendor><ppms-number>73554900101100017913</ppms-number><sp-level>0004</sp-level><patch-level>0</patch-level><archives><archive-name abap-delivery-transport="SAPK-75004INSAPGWFND">K-75004INSAPGWFND.SAR</archive-name></archives></support-package><support-package><caption>SAP_GWFND 750: SP 0005</caption><name>SAPK-75005INSAPGWFND</name><vendor>sap.com</vendor><ppms-number>73555000101100014995</ppms-number><sp-level>0005</sp-level><patch-level>0</patch-level><archives><archive-name abap-delivery-transport="SAPK-75005INSAPGWFND">K-75005INSAPGWFND.SAR</archive-name></archives></support-package><support-package><caption>SAP_GWFND 750: SP 0006</caption><name>SAPK-75006INSAPGWFND</name><vendor>sap.com</vendor><ppms-number>73554900101100021199</ppms-number><sp-level>0006</sp-level><patch-level>0</patch-level><archives><archive-name abap-delivery-transport="SAPK-75006INSAPGWFND">K-75006INSAPGWFND.SAR</archive-name></archives></support-package><support-package><caption>SAP_GWFND 750: SP 0007</caption><name>SAPK-75007INSAPGWFND</name><vendor>sap.com</vendor><ppms-number>73555000101100019421</ppms-number><sp-level>0007</sp-level><patch-level>0</patch-level><archives><archive-name abap-delivery-transport="SAPK-75007INSAPGWFND">K-75007INSAPGWFND.SAR</archive-name></archives></support-package><support-package><caption>SAP_GWFND 750: SP 0008</caption><name>SAPK-75008INSAPGWFND</name><vendor>sap.com</vendor><ppms-number>73554900101100025881</ppms-number><sp-level>0008</sp-level><patch-level>0</patch-level><archives><archive-name abap-delivery-transport="SAPK-75008INSAPGWFND">K-75008INSAPGWFND.SAR</archive-name></archives></support-package><support-package><caption>SAP_GWFND 750: SP 0009</caption><name>SAPK-75009INSAPGWFND</name><vendor>sap.com</vendor><ppms-number>73554900101100027958</ppms-number><sp-level>0009</sp-level><patch-level>0</patch-level><archives><archive-name abap-delivery-transport="SAPK-75009INSAPGWFND">K-75009INSAPGWFND.SAR</archive-name></archives></support-package><support-package><caption>SAP_GWFND 750: SP 0010</caption><name>SAPK-75010INSAPGWFND</name><vendor>sap.com</vendor><ppms-number>73554900101100031059</ppms-number><sp-level>0010</sp-level><patch-level>0</patch-level><archives><archive-name abap-delivery-transport="SAPK-75010INSAPGWFND">K-75010INSAPGWFND.SAR</archive-name></archives></support-package><support-package><caption>SAP_GWFND 750: SP 0011</caption><name>SAPK-75011INSAPGWFND</name><vendor>sap.com</vendor><ppms-number>73555000101100025514</ppms-number><sp-level>0011</sp-level><patch-level>0</patch-level><archives><archive-name abap-delivery-transport="SAPK-75011INSAPGWFND">K-75011INSAPGWFND.SAR</archive-name></archives></support-package><support-package><caption>SAP_GWFND 750: SP 0012</caption><name>SAPK-75012INSAPGWFND</name><vendor>sap.com</vendor><ppms-number>73554900101100035288</ppms-number><sp-level>0012</sp-level><patch-level>0</patch-level><archives><archive-name abap-delivery-transport="SAPK-75012INSAPGWFND">K-75012INSAPGWFND.SAR</archive-name></archives></support-package><support-package><caption>SAP_GWFND 750: SP 0013</caption><name>SAPK-75013INSAPGWFND</name><vendor>sap.com</vendor><ppms-number>73555000101100030358</ppms-number><sp-level>0013</sp-level><patch-level>0</patch-level><archives><archive-name abap-delivery-transport="SAPK-75013INSAPGWFND">K-75013INSAPGWFND.SAR</archive-name></archives></support-package><support-package><caption>SAP_GWFND 750: SP 0014</caption><name>SAPK-75014INSAPGWFND</name><vendor>sap.com</vendor><ppms-number>73555000101100032445</ppms-number><sp-level>0014</sp-level><patch-level>0</patch-level><archives><archive-name abap-delivery-transport="SAPK-75014INSAPGWFND">K-75014INSAPGWFND.SAR</archive-name></archives></support-package><support-package><caption>SAP_GWFND 750: SP 0015</caption><name>SAPK-75015INSAPGWFND</name><vendor>sap.com</vendor><ppms-number>73555000101100035845</ppms-number><sp-level>0015</sp-level><patch-level>0</patch-level><archives><archive-name abap-delivery-transport="SAPK-75015INSAPGWFND">K-75015INSAPGWFND.SAR</archive-name></archives></support-package><support-package><caption>SAP_GWFND 750: SP 0016</caption><name>SAPK-75016INSAPGWFND</name><vendor>sap.com</vendor><ppms-number>73554900101100047821</ppms-number><sp-level>0016</sp-level><patch-level>0</patch-level><archives><archive-name abap-delivery-transport="SAPK-75016INSAPGWFND">K-75016INSAPGWFND.SAR</archive-name></archives></support-package><support-package><caption>SAP_GWFND 750: SP 0017</caption><name>SAPK-75017INSAPGWFND</name><vendor>sap.com</vendor><ppms-number>73554900101100053421</ppms-number><sp-level>0017</sp-level><patch-level>0</patch-level><archives><archive-name abap-delivery-transport="SAPK-75017INSAPGWFND">K-75017INSAPGWFND.SAR</archive-name></archives></support-package><support-package><caption>SAP_GWFND 750: SP 0018</caption><name>SAPK-75018INSAPGWFND</name><vendor>sap.com</vendor><ppms-number>73555000101100044595</ppms-number><sp-level>0018</sp-level><patch-level>0</patch-level><archives><archive-name abap-delivery-transport="SAPK-75018INSAPGWFND">K-75018INSAPGWFND.SAR</archive-name></archives></support-package><support-package><caption>SAP_GWFND 750: SP 0019</caption><name>SAPK-75019INSAPGWFND</name><vendor>sap.com</vendor><ppms-number>73554900101100058706</ppms-number><sp-level>0019</sp-level><patch-level>0</patch-level><archives><archive-name abap-delivery-transport="SAPK-75019INSAPGWFND">K-75019INSAPGWFND.SAR</archive-name></archives></support-package><support-package><caption>SAP_GWFND 750: SP 0020</caption><name>SAPK-75020INSAPGWFND</name><vendor>sap.com</vendor><ppms-number>73555000101100048762</ppms-number><sp-level>0020</sp-level><patch-level>0</patch-level><archives><archive-name abap-delivery-transport="SAPK-75020INSAPGWFND">K-75020INSAPGWFND.SAR</archive-name></archives></support-package><archives><archive-name abap-delivery-transport="SAP_GWFND=750">SAP_GWFND750.SAR</archive-name></archives></software-component><software-component><caption>SAP BW 7.50</caption><ppms-number>73554900100200001891</ppms-number><runtime-type>ABAP</runtime-type><name>SAP_BW</name><version>750</version><vendor>sap.com</vendor><support-package><caption>SAP_BW 750: SP 0001</caption><name>SAPK-75001INSAPBW</name><vendor>sap.com</vendor><ppms-number>73554900101100012498</ppms-number><sp-level>0001</sp-level><patch-level>0</patch-level><archives><archive-name abap-delivery-transport="SAPK-75001INSAPBW">K-75001INSAPBW.SAR</archive-name></archives></support-package><support-package><caption>SAP_BW 750: SP 0002</caption><name>SAPK-75002INSAPBW</name><vendor>sap.com</vendor><ppms-number>73555000101100008918</ppms-number><sp-level>0002</sp-level><patch-level>0</patch-level><archives><archive-name abap-delivery-transport="SAPK-75002INSAPBW">K-75002INSAPBW.SAR</archive-name></archives></support-package><support-package><caption>SAP_BW 750: SP 0003</caption><name>SAPK-75003INSAPBW</name><vendor>sap.com</vendor><ppms-number>73554900101100016009</ppms-number><sp-level>0003</sp-level><patch-level>0</patch-level><archives><archive-name abap-delivery-transport="SAPK-75003INSAPBW">K-75003INSAPBW.SAR</archive-name></archives></support-package><support-package><caption>SAP_BW 750: SP 0004</caption><name>SAPK-75004INSAPBW</name><vendor>sap.com</vendor><ppms-number>73554900101100017915</ppms-number><sp-level>0004</sp-level><patch-level>0</patch-level><archives><archive-name abap-delivery-transport="SAPK-75004INSAPBW">K-75004INSAPBW.SAR</archive-name></archives></support-package><support-package><caption>SAP_BW 750: SP 0005</caption><name>SAPK-75005INSAPBW</name><vendor>sap.com</vendor><ppms-number>73555000101100014997</ppms-number><sp-level>0005</sp-level><patch-level>0</patch-level><archives><archive-name abap-delivery-transport="SAPK-75005INSAPBW">K-75005INSAPBW.SAR</archive-name></archives></support-package><support-package><caption>SAP_BW 750: SP 0006</caption><name>SAPK-75006INSAPBW</name><vendor>sap.com</vendor><ppms-number>73554900101100021201</ppms-number><sp-level>0006</sp-level><patch-level>0</patch-level><archives><archive-name abap-delivery-transport="SAPK-75006INSAPBW">K-75006INSAPBW.SAR</archive-name></archives></support-package><support-package><caption>SAP_BW 750: SP 0007</caption><name>SAPK-75007INSAPBW</name><vendor>sap.com</vendor><ppms-number>73555000101100019423</ppms-number><sp-level>0007</sp-level><patch-level>0</patch-level><archives><archive-name abap-delivery-transport="SAPK-75007INSAPBW">K-75007INSAPBW.SAR</archive-name></archives></support-package><support-package><caption>SAP_BW 750: SP 0008</caption><name>SAPK-75008INSAPBW</name><vendor>sap.com</vendor><ppms-number>73554900101100025882</ppms-number><sp-level>0008</sp-level><patch-level>0</patch-level><archives><archive-name abap-delivery-transport="SAPK-75008INSAPBW">K-75008INSAPBW.SAR</archive-name></archives></support-package><support-package><caption>SAP_BW 750: SP 0009</caption><name>SAPK-75009INSAPBW</name><vendor>sap.com</vendor><ppms-number>73554900101100027960</ppms-number><sp-level>0009</sp-level><patch-level>0</patch-level><archives><archive-name abap-delivery-transport="SAPK-75009INSAPBW">K-75009INSAPBW.SAR</archive-name></archives></support-package><support-package><caption>SAP_BW 750: SP 0010</caption><name>SAPK-75010INSAPBW</name><vendor>sap.com</vendor><ppms-number>73554900101100031058</ppms-number><sp-level>0010</sp-level><patch-level>0</patch-level><archives><archive-name abap-delivery-transport="SAPK-75010INSAPBW">K-75010INSAPBW.SAR</archive-name></archives></support-package><support-package><caption>SAP_BW 750: SP 0011</caption><name>SAPK-75011INSAPBW</name><vendor>sap.com</vendor><ppms-number>73555000101100025513</ppms-number><sp-level>0011</sp-level><patch-level>0</patch-level><archives><archive-name abap-delivery-transport="SAPK-75011INSAPBW">K-75011INSAPBW.SAR</archive-name></archives></support-package><support-package><caption>SAP_BW 750: SP 0012</caption><name>SAPK-75012INSAPBW</name><vendor>sap.com</vendor><ppms-number>73554900101100035391</ppms-number><sp-level>0012</sp-level><patch-level>0</patch-level><archives><archive-name abap-delivery-transport="SAPK-75012INSAPBW">K-75012INSAPBW.SAR</archive-name></archives></support-package><support-package><caption>SAP_BW 750: SP 0013</caption><name>SAPK-75013INSAPBW</name><vendor>sap.com</vendor><ppms-number>73555000101100030357</ppms-number><sp-level>0013</sp-level><patch-level>0</patch-level><archives><archive-name abap-delivery-transport="SAPK-75013INSAPBW">K-75013INSAPBW.SAR</archive-name></archives></support-package><support-package><caption>SAP_BW 750: SP 0014</caption><name>SAPK-75014INSAPBW</name><vendor>sap.com</vendor><ppms-number>73555000101100032444</ppms-number><sp-level>0014</sp-level><patch-level>0</patch-level><archives><archive-name abap-delivery-transport="SAPK-75014INSAPBW">K-75014INSAPBW.SAR</archive-name></archives></support-package><support-package><caption>SAP_BW 750: SP 0015</caption><name>SAPK-75015INSAPBW</name><vendor>sap.com</vendor><ppms-number>73555000101100035861</ppms-number><sp-level>0015</sp-level><patch-level>0</patch-level><archives><archive-name abap-delivery-transport="SAPK-75015INSAPBW">K-75015INSAPBW.SAR</archive-name></archives></support-package><support-package><caption>SAP_BW 750: SP 0016</caption><name>SAPK-75016INSAPBW</name><vendor>sap.com</vendor><ppms-number>73554900101100047774</ppms-number><sp-level>0016</sp-level><patch-level>0</patch-level><archives><archive-name abap-delivery-transport="SAPK-75016INSAPBW">K-75016INSAPBW.SAR</archive-name></archives></support-package><support-package><caption>SAP_BW 750: SP 0017</caption><name>SAPK-75017INSAPBW</name><vendor>sap.com</vendor><ppms-number>73554900101100053378</ppms-number><sp-level>0017</sp-level><patch-level>0</patch-level><archives><archive-name abap-delivery-transport="SAPK-75017INSAPBW">K-75017INSAPBW.SAR</archive-name></archives></support-package><support-package><caption>SAP_BW 750: SP 0018</caption><name>SAPK-75018INSAPBW</name><vendor>sap.com</vendor><ppms-number>73555000101100044594</ppms-number><sp-level>0018</sp-level><patch-level>0</patch-level><archives><archive-name abap-delivery-transport="SAPK-75018INSAPBW">K-75018INSAPBW.SAR</archive-name></archives></support-package><support-package><caption>SAP_BW 750: SP 0019</caption><name>SAPK-75019INSAPBW</name><vendor>sap.com</vendor><ppms-number>73554900101100058705</ppms-number><sp-level>0019</sp-level><patch-level>0</patch-level><archives><archive-name abap-delivery-transport="SAPK-75019INSAPBW">K-75019INSAPBW.SAR</archive-name></archives></support-package><support-package><caption>SAP_BW 750: SP 0020</caption><name>SAPK-75020INSAPBW</name><vendor>sap.com</vendor><ppms-number>73555000101100048801</ppms-number><sp-level>0020</sp-level><patch-level>0</patch-level><archives><archive-name abap-delivery-transport="SAPK-75020INSAPBW">K-75020INSAPBW.SAR</archive-name></archives></support-package><archives><archive-name abap-delivery-transport="SAP_BW====750">SAP_BW750.SAR</archive-name></archives></software-component><software-component><caption>SAP KERNEL 7.53 64-BIT UNICODE</caption><ppms-number>73554900100200005858</ppms-number><runtime-type>OS</runtime-type><name>KRNL64UC</name><version>7.53</version><vendor>sap.com</vendor><support-package><caption>SP800 for SAP KERNEL 7.53 64-BIT UNICODE</caption><name>SP800</name><vendor>sap.com</vendor><ppms-number>73555000101100054801</ppms-number><sp-level>800</sp-level><patch-level>800</patch-level><archives><os-set os="LINUX_X64"><db-set db="DBINDEP"><archive-name patch-level="800" os="LINUX_X64" db="DBINDEP">SAPEXE_800-80002573.SAR</archive-name></db-set><db-set db="HDB"><archive-name patch-level="800" os="LINUX_X64" db="HDB">SAPEXEDB_800-80002572.SAR</archive-name></db-set></os-set></archives></support-package></software-component><software-component><caption>SAP IGS 7.53</caption><ppms-number>73554900100200007401</ppms-number><runtime-type>OS</runtime-type><name>BC-FES-IGS</name><version>7.53</version><vendor>sap.com</vendor><support-package><caption>SP013 for SAP IGS 7.53</caption><name>SP013</name><vendor>sap.com</vendor><ppms-number>73554900101100064838</ppms-number><sp-level>013</sp-level><patch-level>13</patch-level><archives><os-set os="LINUX_X64"><archive-name patch-level="13" os="LINUX_X64">igsexe_13-80003187.sar</archive-name></os-set></archives></support-package></software-component><software-component><caption>USER INTERFACE TECHNOLOGY 7.54</caption><ppms-number>73555000100200009128</ppms-number><runtime-type>ABAP</runtime-type><name>SAP_UI</name><version>754</version><vendor>sap.com</vendor><support-package><caption>SAP_UI 754: SP 0001</caption><name>SAPK-75401INSAPUI</name><vendor>sap.com</vendor><ppms-number>73554900101100049189</ppms-number><sp-level>0001</sp-level><patch-level>0</patch-level><archives><archive-name abap-delivery-transport="SAPK-75401INSAPUI">K-75401INSAPUI.SAR</archive-name></archives></support-package><support-package><caption>SAP_UI 754: SP 0002</caption><name>SAPK-75402INSAPUI</name><vendor>sap.com</vendor><ppms-number>73555000101100041166</ppms-number><sp-level>0002</sp-level><patch-level>0</patch-level><archives><archive-name abap-delivery-transport="SAPK-75402INSAPUI">K-75402INSAPUI.SAR</archive-name></archives></support-package><support-package><caption>SAP_UI 754: SP 0003</caption><name>SAPK-75403INSAPUI</name><vendor>sap.com</vendor><ppms-number>73555000101100043605</ppms-number><sp-level>0003</sp-level><patch-level>0</patch-level><archives><archive-name abap-delivery-transport="SAPK-75403INSAPUI">K-75403INSAPUI.SAR</archive-name></archives></support-package><support-package><caption>SAP_UI 754: SP 0004</caption><name>SAPK-75404INSAPUI</name><vendor>sap.com</vendor><ppms-number>73554900101100057454</ppms-number><sp-level>0004</sp-level><patch-level>0</patch-level><archives><archive-name abap-delivery-transport="SAPK-75404INSAPUI">K-75404INSAPUI.SAR</archive-name></archives></support-package><support-package><caption>SAP_UI 754: SP 0005</caption><name>SAPK-75405INSAPUI</name><vendor>sap.com</vendor><ppms-number>73554900101100060450</ppms-number><sp-level>0005</sp-level><patch-level>0</patch-level><archives><archive-name abap-delivery-transport="SAPK-75405INSAPUI">K-75405INSAPUI.SAR</archive-name></archives></support-package><support-package><caption>SAP_UI 754: SP 0006</caption><name>SAPK-75406INSAPUI</name><vendor>sap.com</vendor><ppms-number>73554900101100061339</ppms-number><sp-level>0006</sp-level><patch-level>0</patch-level><archives><archive-name abap-delivery-transport="SAPK-75406INSAPUI">K-75406INSAPUI.SAR</archive-name></archives></support-package><archives><archive-name abap-delivery-transport="SAPK-754BHINSAPUI">K-754BHINSAPUI.SAR</archive-name></archives><archives><archive-name abap-delivery-transport="SAP_UI====754">SAP_UI754.SAR</archive-name></archives></software-component></sp-feature-stack></sp-stack><target-system><application-system system-number="00000" creationclassname="SAP_BCSystem"><caption/><sid>XXX</sid><host>__UCE__</host><instance><type/><host/><number/><os/><cim-classname/></instance></application-system><initial-state/><constraints><constraint name="ppms-main-app-id" value="73554900100900000414" description="SAP NETWEAVER 7.5"/><constraint name="stack-type" value="ABAP"/><constraint name="ppms-nw-id" value="73554900100900000414" description="SAP NETWEAVER 7.5"/><constraint name="sid" value="XXX"/><constraint name="sps" value="73554900103300000554" description="Initial Shipment Stack"/></constraints><dvd type="installation" id="0915d2b0-c661-11e4-94d2-005056a214d6" caption="SAP NETWEAVER 7.5 DVD"><product><caption>SAP NETWEAVER 7.5</caption><name>SAP NETWEAVER</name><ppms-number>73554900100900000414</ppms-number><vendor>sap.com</vendor></product><software-feature selectively-installable="N"><caption>SAP NETWEAVER 7.5:Application Server ABAP</caption><name>SAP NETWEAVER</name><version>7.5</version><ppms-number>735549001009000004141</ppms-number><vendor>sap.com</vendor></software-feature><software-component-entry><caption>ST-PI740</caption><name>ST-PI</name><version>740</version><vendor>sap.com</vendor><ppms-number>67838200100200024359</ppms-number><sp-level>0001</sp-level><patch-level/><runtime-type>ABAP</runtime-type></software-component-entry><software-component-entry><caption>SAP_BASIS750</caption><name>SAP_BASIS</name><version>750</version><vendor>sap.com</vendor><ppms-number>73554900100200001428</ppms-number><sp-level>0000</sp-level><patch-level/><runtime-type>ABAP</runtime-type></software-component-entry><software-component-entry><caption>SAP_UI750</caption><name>SAP_UI</name><version>750</version><vendor>sap.com</vendor><ppms-number>73554900100200001646</ppms-number><sp-level>0000</sp-level><patch-level/><runtime-type>ABAP</runtime-type></software-component-entry><software-component-entry><caption>SAP_ABA750</caption><name>SAP_ABA</name><version>750</version><vendor>sap.com</vendor><ppms-number>73554900100200001735</ppms-number><sp-level>0000</sp-level><patch-level/><runtime-type>ABAP</runtime-type></software-component-entry><software-component-entry><caption>SAP_GWFND750</caption><name>SAP_GWFND</name><version>750</version><vendor>sap.com</vendor><ppms-number>73554900100200001767</ppms-number><sp-level>0000</sp-level><patch-level/><runtime-type>ABAP</runtime-type></software-component-entry><software-component-entry><caption>SAP_BW750</caption><name>SAP_BW</name><version>750</version><vendor>sap.com</vendor><ppms-number>73554900100200001891</ppms-number><sp-level>0000</sp-level><patch-level/><runtime-type>ABAP</runtime-type></software-component-entry></dvd><sl-tool><software-component-entry><caption>SPAM/SAINT Update - Version 750/0072</caption><name>SAP_OCS</name><version>750</version><vendor>sap.com</vendor><ppms-number>73554900100200001999</ppms-number><sp-level>0072</sp-level><patch-level>SAPKD75072</patch-level><runtime-type>ABAP</runtime-type></software-component-entry></sl-tool></target-system></sp-stacks>